{"type": "FeatureCollection", "features": [{"type": "Feature", "properties": {"period": "early", "scenes": ["S2A_31NBG_20170104_0_L2A (2017-01-04)", "S2A_31NBG_20170325_0_L2A (2017-03-25)", "S2A_31NBG_20170203_0_L2A (2017-02-03)", "S2A_31NBG_20170315_0_L2A (2017-03-15)", "S2A_31NBG_20170514_0_L2A (2017-05-14)"], "method": "median-NDWI waterline, Sentinel-2 L2A 10 m, cloud/shadow masked (SCL), >=3 valid obs", "label": "PUBLIC-OPEN DATA"}, "geometry": {"type": "LineString", "coordinates": [[0.988734231753211, 5.858006385087794], [0.9887339081637204, 5.858096792662579], [0.9887788864123734, 5.858142158473802], [0.9888691665067928, 5.858142482510802], [0.9889141447724877, 5.858187848316087], [0.9889138212018396, 5.8582782559003235], [0.9889134976261109, 5.85836866348425], [0.988913174045302, 5.858459071067868], [0.9889128504594127, 5.858549478651177], [0.9889125268684431, 5.858639886234179], [0.9889122032723935, 5.858730293816871], [0.9889118796712637, 5.858820701399254], [0.9889568579771866, 5.858866067219889], [0.9890471381977846, 5.8588663912681165], [0.9890921165207517, 5.858911757082816], [0.9890917929384683, 5.859002164674649], [0.9890914693511051, 5.859092572266175], [0.9890911457586622, 5.859182979857391], [0.989136124103017, 5.859228345677987], [0.9892264043917885, 5.8592286697173], [0.9892717063217019, 5.859183627930985], [0.9892720298851366, 5.859093220329702], [0.9893173317980057, 5.85904817853449], [0.9894076120679286, 5.859048502534687], [0.9894529139688337, 5.859003460723471], [0.9894532374931034, 5.858913053111505], [0.9894082591309717, 5.8588676873157866], [0.9893179788900556, 5.858867363325653], [0.9892730005449661, 5.858821997523998], [0.9892733240880842, 5.858731589921481], [0.9893186259617892, 5.8586865481155845], [0.9894089061736983, 5.858686872095651], [0.9894542080354393, 5.8586418302737515], [0.9894545315393932, 5.8585514226605495], [0.9894998333840928, 5.8585063808297555], [0.9895901135771547, 5.858506704770709], [0.9896803937752958, 5.858507028697139], [0.9897706739785148, 5.858507352609046], [0.989860954186812, 5.858507676506431], [0.9899512344001865, 5.858508000389292], [0.9899962128022131, 5.858553366147091], [0.9899958893852739, 5.858643773790486], [0.9900408677992634, 5.858689139549451], [0.9901311480517989, 5.85868946341333], [0.9901761264828306, 5.858734829166359], [0.9901758030847426, 5.858825236819199], [0.9902207815277387, 5.858870602573396], [0.9903110618194332, 5.858870926418288], [0.9904013421162053, 5.858871250248656], [0.9904916224180533, 5.8588715740645005], [0.9905819027249779, 5.858871897865823], [0.990672183036979, 5.85887222165262], [0.9907171615361755, 5.858917587381889], [0.9907168382149548, 5.859007995064294], [0.9907165148886583, 5.85909840274639], [0.9907161915572861, 5.859188810428178], [0.990761170077877, 5.859234176163337], [0.9908514504580433, 5.859234499941204], [0.9908964289956756, 5.859279865670421], [0.9908961056831618, 5.859370273361651], [0.9908957823655716, 5.85946068105257], [0.9908954590429061, 5.859551088743182], [0.9908501571586751, 5.859596130694828], [0.9907598767204894, 5.859595806896841], [0.9906695962873792, 5.859595483084331], [0.990579315859345, 5.859595159257295], [0.9904890354363871, 5.8595948354157334], [0.9903987550185054, 5.859594511559645], [0.9903534531034487, 5.8596395534561765], [0.990353129683601, 5.859729961115991], [0.9903078277515002, 5.85977500300363], [0.9902175473147609, 5.859774679108428], [0.9901722453706928, 5.859819720980063], [0.9901719219116801, 5.859910128629198], [0.9901266199505683, 5.85995517049194], [0.9900363394949718, 5.859954846557624], [0.9899460590444524, 5.859954522608781], [0.9898557785990107, 5.859954198645411], [0.9898108001386167, 5.85990883284389], [0.9898111236556522, 5.859818425214883], [0.9897661452072236, 5.85977305941453], [0.9896758648009497, 5.8597727354321725], [0.9896305628285982, 5.8598177772451345], [0.9896302392825508, 5.859908184864079], [0.9896299157314257, 5.859998592482714], [0.9896295921752216, 5.86008900010104], [0.9896292686139394, 5.86017940771906], [0.9896289450475786, 5.8602698153367685], [0.9896286214761393, 5.86036022295417], [0.9896282978996218, 5.86045063057126], [0.9896279743180257, 5.860541038188043], [0.9896276507313512, 5.860631445804517], [0.9896273271395984, 5.860721853420683], [0.9896270035427668, 5.860812261036539], [0.9896719820307213, 5.860857626871173], [0.9897622626110772, 5.860857950913917], [0.9898075646889724, 5.860812909116997], [0.9898078882567874, 5.860722501491077], [0.9898082118195255, 5.8606320938648455], [0.9898085353771847, 5.8605416862383075], [0.9898088589297661, 5.86045127861146], [0.9898091824772698, 5.860360870984304], [0.9898544844989462, 5.8603158291678055], [0.9899447650024131, 5.860316153151303], [0.9900350455109581, 5.860316477120271], [0.9901253260245806, 5.860316801074712], [0.9902156065432803, 5.860317125014626], [0.9903058870670567, 5.8603174489400125], [0.9903961675959101, 5.860317772850871], [0.9904864481298395, 5.860318096747203], [0.9905317501112588, 5.860273054856024], [0.9905320735325525, 5.860182647188003], [0.9905773754969276, 5.860137605287931], [0.990667656011996, 5.860137929145147], [0.9907126345771966, 5.860183294907465], [0.9907123111849168, 5.8602737025855465], [0.9907572897620861, 5.860319068349031], [0.9908475703163203, 5.860319392187251], [0.9908928722788765, 5.860274350256958], [0.9908931956421437, 5.860183942568818], [0.9909384975876566, 5.860138900629631], [0.9910287781230277, 5.860139224428742], [0.9911190586634733, 5.860139548213321], [0.9912093392089935, 5.8601398719833755], [0.9912543178329393, 5.860185237717197], [0.9912539945276997, 5.860275645425453], [0.9912989731636147, 5.860321011160442], [0.9913892537482976, 5.8603213349114975], [0.9914795343380541, 5.860321658648026], [0.9915698149328844, 5.860321982370026], [0.9916600955327878, 5.8603223060775], [0.9917503761377653, 5.860322629770444], [0.9918406567478157, 5.860322953448861], [0.9919309373629396, 5.860323277112752], [0.9920212179831353, 5.860323600762115], [0.9921114986084035, 5.860323924396949], [0.9921568005049278, 5.860278882329769], [0.9921571236651004, 5.860188474571239], [0.9921574468202016, 5.8600980668124025], [0.9921577699702301, 5.860007659053256], [0.9922030718301336, 5.859962616971851], [0.9922933524075197, 5.859962940557527], [0.9923836329899781, 5.859963264128678], [0.9924739135775079, 5.859963587685299], [0.992564194170109, 5.859963911227395], [0.9926544747677812, 5.8599642347549645], [0.9926994535389243, 5.860009600408067], [0.9926991304759336, 5.8601000081973655], [0.9927441092590487, 5.860145373851631], [0.9928343898958742, 5.860145697360195], [0.9928793686960308, 5.860191063008511], [0.9928790456519128, 5.860281470807241], [0.9928337437931305, 5.860326512952633], [0.992743463127291, 5.860326189434018], [0.9926531824665218, 5.860325865900879], [0.9925629018108236, 5.860325542353208], [0.9925175999306338, 5.860370584463049], [0.9925172768183458, 5.860460992241063], [0.9924719749211137, 5.860506034342015], [0.9923816942465429, 5.860505710755239], [0.992336392337339, 5.860550752840194], [0.992336069185893, 5.860641160607538], [0.9923810479581596, 5.860686526294957], [0.9924713286617447, 5.860686849891784], [0.9925163074510551, 5.860732215573254], [0.9925159843184819, 5.860822623350033], [0.9925156611808383, 5.860913031126503], [0.9925153380381231, 5.8610034389026655], [0.9925150148903364, 5.861093846678517], [0.9925146917374787, 5.861184254454062], [0.9925596705576369, 5.861229620146125], [0.9926499513584169, 5.8612299437440445], [0.9926949301956194, 5.86127530943016], [0.9926946070616384, 5.861365717215135], [0.9926493050759455, 5.861410759308973], [0.9925590242461466, 5.8614104357010035], [0.9924687434214186, 5.861410112078505], [0.9923784626017628, 5.861409788441474], [0.9923331605946569, 5.8614548304997545], [0.9923328373924951, 5.861545238264013], [0.9923325141852603, 5.861635646027962], [0.9923321909729546, 5.861726053791602], [0.9922868889292213, 5.861771095835659], [0.9921966080616677, 5.861770772149464], [0.9921516292523574, 5.861725406424241], [0.9921519524936843, 5.861634998670651], [0.9921522757299388, 5.861544590916755], [0.9921525989611208, 5.8614541831625475], [0.9921529221872311, 5.861363775408034], [0.9921532454082694, 5.86127336765321], [0.9921535686242353, 5.861182959898079], [0.9921538918351285, 5.861092552142637], [0.9921542150409507, 5.861002144386888], [0.9921545382417, 5.860911736630828], [0.9921548614373774, 5.860821328874461], [0.9921551846279831, 5.860730921117784], [0.9921102058778325, 5.860685555417308], [0.9920199251945346, 5.860685231762367], [0.9919296445163089, 5.860684908092899], [0.9918393638431559, 5.860684584408903], [0.991794061886065, 5.860729626429856], [0.9917937386374274, 5.860820034166426], [0.9917934153837163, 5.860910441902687], [0.9917930921249323, 5.861000849638642], [0.9917927688610756, 5.861091257374283], [0.9917924455921452, 5.861181665109619], [0.9918374243339775, 5.861227030839698], [0.9919277050941828, 5.861227354553856], [0.9919726838530605, 5.861272720277987], [0.9919723606030039, 5.861363128022759], [0.9919270585795591, 5.861408170038371], [0.9918367777903361, 5.86140784631416], [0.9917464970061848, 5.861407522575417], [0.9916562162271073, 5.861407198822146], [0.991610914182253, 5.8614522408021985], [0.9916105908640108, 5.861542648526243], [0.9915652888021096, 5.861587690497404], [0.9914750080041591, 5.861587366705017], [0.9914300292826211, 5.861542000946495], [0.9914303526298827, 5.861451593232505], [0.9913853739203163, 5.861406227475147], [0.9912950931615343, 5.861405903663754], [0.9912497910978079, 5.861450945604689], [0.9912494677215266, 5.861541353308623], [0.9912041656407531, 5.861586395240668], [0.9911138848630993, 5.861586071390157], [0.9910689061807294, 5.86154070561263], [0.9910692295860302, 5.861450297918752], [0.991069552986257, 5.861359890224568], [0.9910698763814089, 5.861269482530075], [0.9910701997714859, 5.861179074835273], [0.9910705231564882, 5.8610886671401605], [0.9910255445049598, 5.861043301373239], [0.9909352638245126, 5.861042977523841], [0.9908449831491403, 5.861042653659912], [0.9907547024788441, 5.861042329781456], [0.9907094004259835, 5.861087371674391], [0.9907090769829456, 5.8611777793493856], [0.9907087535348315, 5.861268187024072], [0.9907084300816424, 5.861358594698448], [0.9906631279921498, 5.861403636577152], [0.990572847273968, 5.861403312649515], [0.9904825665608624, 5.86140298870735], [0.9903922858528326, 5.861402664750653], [0.9903469837419356, 5.8614477065937916], [0.9903466602205551, 5.861538114247429], [0.9903013580926096, 5.8615831560816725], [0.9902110773657139, 5.861582832085855], [0.9901657752257964, 5.861627873904091], [0.9901654516652417, 5.86171828154705], [0.9901651280996101, 5.861808689189699], [0.9901648045289011, 5.86189909683204], [0.9901644809531147, 5.861989504474072], [0.9901641573722518, 5.862079912115795], [0.9902091359849918, 5.862125277954991], [0.9902994167989524, 5.862125601980995], [0.9903443954287433, 5.862170967814247], [0.9903440718667487, 5.8622613754654145], [0.9903437482996774, 5.862351783116273], [0.99034342472753, 5.86244219076682], [0.9903431011503052, 5.862532598417062], [0.9903427775680044, 5.862623006066992], [0.9903877562286398, 5.862668371910853], [0.9904780371398264, 5.862668695937974], [0.9905683180560896, 5.862669019950563], [0.9906585989774289, 5.862669343948619], [0.9907035776747041, 5.862714709777031], [0.9907032541403015, 5.862805117446466], [0.9907482328495517, 5.86285048327604], [0.9908385138100692, 5.862850807255088], [0.9908838160468222, 5.862805765399531], [0.990884139552199, 5.862715357720037], [0.9909294417719015, 5.862670315855586], [0.9910197227135435, 5.862670639795507], [0.9910650249212696, 5.86262559791505], [0.9910653483874703, 5.86253519022488], [0.9910656718485953, 5.862444782534401], [0.9910659953046461, 5.862354374843615], [0.9911112974757362, 5.862309332948925], [0.9912015783694779, 5.862309656839665], [0.9912918592682944, 5.862309980715873], [0.9913821401721853, 5.862310304577549], [0.9914724210811499, 5.862310628424691], [0.991562701995189, 5.8623109522573005], [0.9916529829143012, 5.862311276075379], [0.9917432638384871, 5.8623115998789235], [0.9917882426344087, 5.862356965640869], [0.9917879192944561, 5.862447373371878], [0.9917426171440694, 5.862492415335918], [0.9916523361908589, 5.862492091522318], [0.9916070340284975, 5.8625371334703535], [0.9916067106493728, 5.862627541190693], [0.9915614084699608, 5.862672583129835], [0.9914711274978725, 5.862672259277115], [0.9914261487197087, 5.862626893490278], [0.9914264721278584, 5.862536485779996], [0.9913814933616698, 5.8624911199943215], [0.9912912124287548, 5.862490796122589], [0.9912459102475152, 5.862535838031504], [0.9912455868103406, 5.862626245731731], [0.9912452633680906, 5.862716653431648], [0.9912449399207673, 5.862807061131257], [0.9912446164683686, 5.862897468830557], [0.9912442930108961, 5.862987876529547], [0.9911989907734314, 5.863032918418894], [0.9911087097635868, 5.863032594487926], [0.9910634075141449, 5.863077636361263], [0.9910630840174951, 5.863168044049579], [0.9910627605157704, 5.863258451737586], [0.9910624370089707, 5.863348859425284], [0.9910621134970959, 5.863439267112673], [0.9910617899801463, 5.863529674799753], [0.9910164876744746, 5.863574716653522], [0.9909262065876928, 5.86357439266331], [0.9908809042700427, 5.86361943450107], [0.990880580713913, 5.863709842177473], [0.9908802571527076, 5.863800249853568], [0.9908799335864259, 5.863890657529354], [0.9908796100150692, 5.8639810652048325], [0.9908792864386377, 5.86407147288], [0.9908789628571303, 5.8641618805548585], [0.9908786392705468, 5.86425228822941], [0.9909236180749039, 5.864297654087242], [0.991013899277815, 5.864297978117688], [0.9910588780992255, 5.864343343969569], [0.9910585545315266, 5.864433751653562], [0.9910582309587513, 5.864524159337242], [0.991057907380902, 5.864614567020614], [0.9910575837979781, 5.8647049747036775], [0.9910572602099784, 5.864795382386433], [0.9910569366169039, 5.864885790068877], [0.9910566130187546, 5.864976197751012], [0.9910562894155304, 5.86506660543284], [0.9910559658072308, 5.865157013114358], [0.9911009446783956, 5.865202378986282], [0.991191226036637, 5.865202703037939], [0.9912362049248579, 5.865248068903912], [0.9912358813354476, 5.865338476594868], [0.991235557740962, 5.865428884285518], [0.9912352341414022, 5.865519291975857], [0.9912349105367678, 5.865609699665886], [0.9912345869270592, 5.8657001073556065], [0.9912342633122754, 5.8657905150450205], [0.9912339396924168, 5.8658809227341235], [0.9912789186209572, 5.865926288615413], [0.9913692001055092, 5.865926612678218], [0.9914141790511088, 5.865971978553554], [0.991413855450144, 5.8660623862520955], [0.9914588344077265, 5.866107752128591], [0.9915491159314697, 5.866108076172368], [0.9915940949061118, 5.866153442042907], [0.9915937713240418, 5.866243849750886], [0.9915934477368985, 5.866334257458557], [0.9915931241446815, 5.866424665165918], [0.9915928005473902, 5.866515072872969], [0.991592476945026, 5.866605480579711], [0.9916374559505496, 5.866650846460848], [0.9917277375715732, 5.866651170505706], [0.9917727165941574, 5.866696536380885], [0.9917723930106916, 5.866786944097065], [0.9917720694221529, 5.866877351812933], [0.9917717458285403, 5.866967759528494], [0.9917714222298547, 5.867058167243745], [0.9917710986260955, 5.867148574958688], [0.9918160776795673, 5.867193940844463], [0.9919063593978792, 5.867194264890394], [0.9919513384684107, 5.86723963077021], [0.991951014883555, 5.867330038494589], [0.9919506912936251, 5.867420446218657], [0.9919503676986227, 5.8675108539424174], [0.9919500440985476, 5.867601261665866], [0.9919497204933999, 5.86769166938901], [0.9919493968831785, 5.867782077111841], [0.9919490732678853, 5.867872484834366], [0.9919940523787641, 5.867917850729491], [0.9920843342234229, 5.867918174786545], [0.992129313351363, 5.867963540675712], [0.9921289897549758, 5.86805394840767], [0.9921286661535168, 5.868144356139317], [0.9921283425469856, 5.868234763870658], [0.992173321696371, 5.868280129765698], [0.9922636036092808, 5.868280453813763], [0.9923085827757291, 5.868325819702841], [0.9923082591881075, 5.868416227443615], [0.992307935595413, 5.8685066351840804], [0.9923076119976465, 5.868597042924233], [0.9923072883948088, 5.86868745066408], [0.9923069647868993, 5.8687778584036145], [0.9923066411739171, 5.868868266142843], [0.9923063175558632, 5.86895867388176], [0.9923512967626711, 5.869004039786147], [0.9924415788019487, 5.86900436384532], [0.9924865580258215, 5.869049729743742], [0.9924862344266819, 5.869140137492094], [0.9924859108224702, 5.869230545240135], [0.992485587213187, 5.869320952987867], [0.9925305664585115, 5.869366318892161], [0.9926208485660498, 5.869366642942337], [0.9926658278284392, 5.869412008840667], [0.9926655042380731, 5.869502416597831], [0.9926651806426361, 5.869592824354686], [0.9926648570421277, 5.869683232111233], [0.9926645334365479, 5.869773639867467], [0.9926642098258974, 5.869864047623395], [0.9927091891192006, 5.869909413532311], [0.9927994713240643, 5.8699097375835345], [0.9928444506344338, 5.869955103486483], [0.992844127042703, 5.870045511251843], [0.992843803445902, 5.8701359190168905], [0.992843479844031, 5.87022632678163], [0.9928431562370887, 5.870316734546061], [0.9928428326250754, 5.870407142310182], [0.992842509007992, 5.870497550073993], [0.9928421853858376, 5.870587957837493], [0.9928871647365874, 5.870633323755745], [0.9929774470678492, 5.870633647818059], [0.9930224264356687, 5.870679013730343], [0.9930221028324385, 5.870769421503274], [0.9930217792241389, 5.870859829275896], [0.9930214556107692, 5.87095023704821], [0.9930211319923288, 5.871040644820215], [0.9930208083688187, 5.87113105259191], [0.9930204847402379, 5.871221460363294], [0.9930201611065865, 5.871311868134372], [0.9930198374678649, 5.8714022759051385], [0.9930195138240727, 5.871492683675594], [0.9930644932417455, 5.87153804960789], [0.9931547757284894, 5.871538373691337], [0.9931997551632326, 5.87158373961766], [0.9931994315383714, 5.871674147397546], [0.9931991079084401, 5.8717645551771245], [0.993198784273439, 5.871854962956392], [0.9931984606333685, 5.87194537073535], [0.9931981369882273, 5.872035778514], [0.9932431164539042, 5.872081144450906], [0.9933333990380026, 5.872081468535381], [0.993378378520751, 5.872126834466314], [0.9933780548945441, 5.872217242254391], [0.9933777312632674, 5.872307650042159], [0.9933774076269217, 5.872398057829616], [0.9933770839855066, 5.872488465616766], [0.9933767603390221, 5.872578873403606], [0.993421739852709, 5.872624239345117], [0.9935120225341709, 5.872624563430617], [0.9935570020649295, 5.872669929366157], [0.9935566784373824, 5.872760337162425], [0.9936016579801459, 5.8728057030991145], [0.9936919407008216, 5.872806027165542], [0.9937369202606575, 5.8728513930962585], [0.9937365966520495, 5.872941800901952], [0.9936912934690683, 5.872986842771905], [0.9936010107193147, 5.872986518695433], [0.9935557075243274, 5.873031560549367], [0.9935553838765051, 5.873121968344397], [0.9936003634382076, 5.873167334290515], [0.9936906462170394, 5.8731676583770325], [0.9937356257958155, 5.873213024317175], [0.9937353021669342, 5.873303432121629], [0.9937349785329834, 5.873393839925775], [0.9937346548939653, 5.873484247729612], [0.9937343312498773, 5.873574655533139], [0.9937340076007212, 5.873665063336356], [0.9937789872104466, 5.873710429287073], [0.9938692700866557, 5.873710753374605], [0.9939142497134575, 5.873756119319348], [0.9939139260832459, 5.873846527131989], [0.9939136024479664, 5.873936934944324], [0.9939132788076188, 5.874027342756348], [0.9939582584558992, 5.874072708706952], [0.9940485414004101, 5.8740730327854465], [0.9940935210657661, 5.874118398730072], [0.9940931974443666, 5.874208806551522], [0.9940928738178993, 5.874299214372661], [0.9940925501863634, 5.874389622193489], [0.9941375298732021, 5.874434988143977], [0.9942278128860166, 5.874435312213432], [0.9942727925899325, 5.874480678157942], [0.9942724689773476, 5.874571085988195], [0.9942721453596951, 5.874661493818138], [0.9942718217369754, 5.874751901647772], [0.9942714981091885, 5.874842309477096], [0.9942711744763343, 5.874932717306112], [0.9943161542112117, 5.874978083261191], [0.9944064373214202, 5.8749784073316444], [0.9944514170733753, 5.875023773280744], [0.9944510934594747, 5.875114181119183], [0.9944507698405075, 5.875204588957311], [0.9944504462164738, 5.875294996795127], [0.994450122587373, 5.875385404632637], [0.9944497989532055, 5.875475812469836], [0.9944494753139711, 5.875566220306726], [0.9944491516696696, 5.875656628143306], [0.9944941314620698, 5.875701994107686], [0.9945844146987722, 5.875702318189172], [0.994629394508251, 5.875747684147573], [0.9946290708829081, 5.8758380919935735], [0.994628747252499, 5.875928499839265], [0.9946284236170235, 5.8760189076846485], [0.994628099976481, 5.876109315529723], [0.9946277763308728, 5.876199723374486], [0.9946274526801975, 5.876290131218939], [0.9946271290244564, 5.876380539063085], [0.9946721088743907, 5.8764259050367595], [0.994762392237599, 5.876426229129275], [0.9948073721046141, 5.876471595096968], [0.9948070484678351, 5.876562002950532], [0.9948067248259902, 5.876652410803788], [0.9948064011790803, 5.876742818656734], [0.9948060775271041, 5.876833226509371], [0.9948057538700613, 5.876923634361695], [0.9948054302079531, 5.877014042213714], [0.9948051065407787, 5.877104450065421], [0.9948047828685377, 5.87719485791682], [0.994804459191232, 5.877285265767906], [0.9948494391081933, 5.877330631755585], [0.9949397226270214, 5.8773309558691595], [0.9949847025610663, 5.877376321850851], [0.9949843789027278, 5.877466729711358], [0.9949840552393243, 5.877557137571557], [0.9949837315708551, 5.877647545431447], [0.9949384279443062, 5.877692587299914], [0.9948481443672764, 5.877692263166264], [0.9948028407287094, 5.877737305018706], [0.9948025170210067, 5.877827712867937], [0.9948021933082387, 5.877918120716856], [0.9948018695904041, 5.878008528565469], [0.9948468495453042, 5.878053894571988], [0.9949371331805393, 5.878054218725715], [0.994982113152525, 5.878099584726246], [0.9949817894536623, 5.878189992584276], [0.9950267694376667, 5.878235358585951], [0.9951170531121375, 5.878235682720573], [0.9951620331132265, 5.87828104871626], [0.995161709433337, 5.87837145658371], [0.9951613857483833, 5.87846186445085], [0.9951610620583642, 5.87855227231768], [0.9951607383632791, 5.8786426801842], [0.9951604146631295, 5.878733088050411], [0.9951600909579145, 5.878823495916314], [0.9951597672476344, 5.878913903781904], [0.9951594435322894, 5.879004311647186], [0.9951591198118788, 5.879094719512159], [0.9951587960864036, 5.879185127376822], [0.9951584723558625, 5.879275535241174], [0.9951131685622372, 5.879320577081275], [0.9950228847131237, 5.879320252886423], [0.9949775809074758, 5.879365294710499], [0.9949772571376939, 5.879455702564194], [0.9950222371881157, 5.879501068598835], [0.9951125210663396, 5.879501392803722], [0.9952028049496285, 5.879501716994035], [0.9952930888379825, 5.879502041169771], [0.9953380689251127, 5.879547407188866], [0.9953377452034228, 5.879637815062016], [0.9953374214766678, 5.879728222934858], [0.9953370977448478, 5.879818630807389], [0.9953367740079636, 5.879909038679612], [0.9953364502660139, 5.8799994465515235], [0.995381430384151, 5.880044812581178], [0.9954717143699714, 5.880045136757871], [0.9955166945051971, 5.880090502781532], [0.9955163707822327, 5.880180910662861], [0.9955160470542035, 5.880271318543881], [0.9955157233211096, 5.88036172642459], [0.9955153995829524, 5.8804521343049885], [0.9955150758397301, 5.880542542185079], [0.9955600560059674, 5.8805879082192964], [0.9956503400892603, 5.880588232396944], [0.9956953202725889, 5.8806335984251685], [0.9956949965483541, 5.880724006314675], [0.9957399767437086, 5.88076937234404], [0.9958302608662468, 5.880769696502564], [0.9958752410786913, 5.880815062525936], [0.9958749173734471, 5.880905470424856], [0.9959198975979197, 5.880950836449368], [0.9960101817597019, 5.880951160588768], [0.9960554856824535, 5.880906118698639], [0.9960558093585796, 5.880815710789686], [0.9961011132642412, 5.880770668890664], [0.9961913974070328, 5.880770992990872], [0.9962816815548854, 5.880771317076503], [0.9963719657078015, 5.880771641147554], [0.9964169459791105, 5.8808170071422365], [0.99641662236122, 5.880907415071256], [0.9964616026445565, 5.880952781067079], [0.9965518868367147, 5.880953105119003], [0.9966421710339339, 5.880953429156349], [0.996732455236215, 5.8809537531791145], [0.9967777591209792, 5.880908711210607], [0.996778082680635, 5.880818303261527], [0.9968233865483093, 5.880773261284127], [0.9969136707315949, 5.880773585267707], [0.9969589745872415, 5.88072854327428], [0.9969592981076575, 5.880638135314554], [0.9969596216230129, 5.880547727354516], [0.9969599451333073, 5.880457319394169], [0.9969602686385414, 5.880366911433512], [0.9969605921387148, 5.880276503472546], [0.9970058959380358, 5.88023146145958], [0.9970961800440944, 5.880231785383917], [0.9971864641552144, 5.880232109293676], [0.9972767482713935, 5.880232433188858], [0.9973217286123068, 5.880277799121609], [0.9973214051703634, 5.880368207102631], [0.9973663855233045, 5.880413573036519], [0.997456669678718, 5.880413896912572], [0.9975016500487467, 5.8804592628404615], [0.9975013266257999, 5.8805496708308915], [0.9975010031977937, 5.880640078821009], [0.9975006797647279, 5.880730486810819], [0.9975003563266035, 5.880820894800318], [0.9975000328834197, 5.880911302789508], [0.997545013284475, 5.88095666872794], [0.9976352975373587, 5.880956992604914], [0.9976802779555023, 5.881002358537347], [0.9976799545313186, 5.881092766535944], [0.9976796311020752, 5.881183174534229], [0.9976793076677742, 5.881273582532206], [0.9976789842284134, 5.881363990529872], [0.9976786607839935, 5.881454398527229], [0.9976333568878691, 5.881499440577734], [0.9975430725476255, 5.881499116670685], [0.9974977686394696, 5.8815441587051644], [0.9974974451558107, 5.881634566691876], [0.9974971216670921, 5.88172497467828], [0.9974967981733144, 5.88181538266437], [0.9974964746744776, 5.881905790650154], [0.9974961511705813, 5.881996198635625], [0.9974958276616256, 5.882086606620789], [0.9974955041476103, 5.882177014605642], [0.9974502001635003, 5.882222056615263], [0.9973599157168855, 5.882221732638946], [0.9973146117207426, 5.88226677463254], [0.9973142881674838, 5.882357182606746], [0.9973139646091645, 5.882447590580643], [0.997313641045786, 5.8825379985542305], [0.9973586215127348, 5.88258336454456], [0.9974489060176012, 5.88258368854093], [0.9974938865016431, 5.882629054525258], [0.9974935629572715, 5.882719462508252], [0.997538543453347, 5.882764828493716], [0.9976288279974598, 5.882765152470944], [0.9977191125466308, 5.882765476433589], [0.9978093971008618, 5.882765800381647], [0.9978547011248289, 5.882720758348805], [0.9978550246109467, 5.88263035034576], [0.9979003286178223, 5.882585308304024], [0.9979906131530418, 5.882585632212893], [0.9980355936959507, 5.8826309981685085], [0.9980352702389601, 5.8827214061815765], [0.9980349467769112, 5.882811814194335], [0.9980346233098047, 5.882902222206783], [0.9980796038742531, 5.882947588168233], [0.9981698884778443, 5.882947912067981], [0.9982151925024232, 5.882902870001267], [0.9982155159404017, 5.882812461978795], [0.9982608199478868, 5.882767419903191], [0.9983511045324658, 5.882767743763748], [0.9983964085279164, 5.882722701672118], [0.9983967319266529, 5.882632293639006], [0.9984420359050112, 5.882587251538485], [0.9985323204705773, 5.882587575359854], [0.9986226050411996, 5.882587899166639], [0.9987128896168793, 5.882588222958841], [0.9987578702382691, 5.882633588876166], [0.998757546897787, 5.882723996929319], [0.9987572235522486, 5.882814404982163], [0.9987569002016531, 5.882904813034698], [0.9987115962055965, 5.882949855160195], [0.998621311571662, 5.882949531347953], [0.9985760075635695, 5.882994573457427], [0.998575684173733, 5.883084981499322], [0.9985303801485478, 5.883130023599906], [0.9984400954955975, 5.883129699748475], [0.9983498108477054, 5.883129375882459], [0.9982595262048697, 5.883129052001857], [0.998169241567092, 5.883128728106672], [0.9980789569343718, 5.883128404196902], [0.9979886723067098, 5.883128080272548], [0.9978983876841058, 5.883127756333606], [0.9978081030665603, 5.883127432380083], [0.9977178184540736, 5.883127108411974], [0.9976725143788248, 5.883172150418146], [0.9976721908332259, 5.883262558409307], [0.9976718672825686, 5.883352966400156], [0.9976715437268516, 5.883443374390697], [0.9976712201660762, 5.883533782380928], [0.9976708966002423, 5.883624190370849], [0.9976705730293485, 5.88371459836046], [0.9976702494533959, 5.883805006349761], [0.9976249453021787, 5.883850048331075], [0.9975346605832858, 5.883849724293694], [0.9974893564200318, 5.883894766258978], [0.9974890328048276, 5.883985174237632], [0.9974437286244774, 5.8840302161940246], [0.9973534438865702, 5.884029892117445], [0.9972631591537221, 5.8840295680262775], [0.9971728744259339, 5.884029243920525], [0.9970825897032064, 5.884028919800182], [0.9969923049855399, 5.884028595665254], [0.9969020202729341, 5.8840282715157395], [0.9968117355653885, 5.884027947351639], [0.9967664313444822, 5.884072989233194], [0.996766107602622, 5.884163397171119], [0.9967208033646174, 5.8842084390437845], [0.996630518638061, 5.884208114840478], [0.9965855381640759, 5.884162748769523], [0.9965858619350696, 5.8840723408416284], [0.9965408814731206, 5.8840269747718095], [0.9964505967858212, 5.884026650549361], [0.9963603121035846, 5.884026326312323], [0.9962700274264105, 5.884026002060699], [0.9962247231769881, 5.88407104388345], [0.9962243993477259, 5.884161451791282], [0.996224075513401, 5.884251859698805], [0.996223751674013, 5.8843422676060175], [0.9962234278295632, 5.884432675512919], [0.9962231039800504, 5.884523083419512], [0.9962680844337877, 5.88456844951902], [0.9963583691983665, 5.884568773800739], [0.9964033496692027, 5.884614139894247], [0.9964030258387021, 5.8847045478102515], [0.996402702003138, 5.884794955725945], [0.9964023781625116, 5.88488536364133], [0.9964473586548918, 5.884930729740678], [0.9965376434878704, 5.884931054013284], [0.9965826239973509, 5.884976420106628], [0.9965823001757387, 5.885066828031424], [0.9965819763490654, 5.8851572359559094], [0.9965816525173307, 5.885247643880083], [0.996581328680533, 5.885338051803949], [0.9965810048386741, 5.885428459727503], [0.996535700453749, 5.885473501543288], [0.9964454155333515, 5.885473177240592], [0.9964001111363873, 5.885518219040339], [0.9963997872552632, 5.885608626953244], [0.996399463369077, 5.885699034865838], [0.9963991394778285, 5.885789442778121], [0.9963538350441284, 5.885834484563648], [0.9962635500755714, 5.885834160211706], [0.996218245629831, 5.885879201981195], [0.996217921699315, 5.885969609882829], [0.9962629022291107, 5.886014976019987], [0.9963531872268104, 5.886015300381961], [0.9963981677737088, 5.886060666513114], [0.9963978438622105, 5.886151074424159], [0.9963975199456504, 5.886241482334892], [0.9963971960240284, 5.886331890245318], [0.9963968720973434, 5.886422298155429], [0.9963965481655965, 5.886512706065234], [0.996396224228787, 5.8866031139747275], [0.9963959002869157, 5.886693521883911], [0.9963955763399812, 5.886783929792784], [0.996395252387985, 5.886874337701348], [0.9963949284309265, 5.886964745609602], [0.9963946044688053, 5.8870551535175455], [0.9963942805016223, 5.88714556142518], [0.9963939565293766, 5.887235969332503], [0.9964389371453829, 5.887281335493025], [0.9965292223572368, 5.887281659896032], [0.9965742029903503, 5.8873270260505475], [0.9965738790371302, 5.88741743396728], [0.9965735550788479, 5.887507841883705], [0.9965732311155047, 5.887598249799818], [0.9965279264949585, 5.887643291551696], [0.9964376412248034, 5.8876429671286274], [0.9963923365922122, 5.887688008864466], [0.9963920125895925, 5.88777841676993], [0.99639168858191, 5.887868824675082], [0.9963913645691654, 5.887959232579923], [0.996391040551358, 5.888049640484456], [0.9963907165284885, 5.888140048388678], [0.9963903925005565, 5.88823045629259], [0.9963900684675623, 5.888320864196191], [0.9963897444295058, 5.888411272099483], [0.9963894203863866, 5.888501680002466], [0.9963890963382052, 5.8885920879051366], [0.9963887722849615, 5.888682495807496], [0.9963884482266552, 5.888772903709548], [0.9963881241632863, 5.888863311611289], [0.9964331048649259, 5.888908677814161], [0.9965233903391668, 5.8889090023074475], [0.9965683710579162, 5.88895436850431], [0.996568047013582, 5.88904477641546], [0.9965677229641845, 5.889135184326302], [0.9965673989097258, 5.8892255922368335], [0.9965220941124203, 5.889270633940782], [0.9964318085798607, 5.889270309427433], [0.9963865037705061, 5.889315351115339], [0.9963861796767625, 5.88940575901522], [0.9963858555779566, 5.889496166914788], [0.9963855314740884, 5.8895865748140475], [0.9963852073651576, 5.889676982712996], [0.9963848832511645, 5.8897673906116355], [0.9963845591321088, 5.889857798509963], [0.9963842350079904, 5.889948206407982], [0.9963839108788095, 5.8900386143056895], [0.9963835867445671, 5.890129022203087], [0.996428567512834, 5.890174388438899], [0.9965188531912054, 5.890174713002405], [0.9965638339765867, 5.890220079232202], [0.9965635098613838, 5.8903104871390095], [0.9965631857411187, 5.8904008950455085], [0.9965628616157917, 5.890491302951696], [0.9965625374854025, 5.890581710857574], [0.996562213349951, 5.89067211876314], [0.9965618892094381, 5.890762526668397], [0.996561565063863, 5.890852934573344], [0.9965612409132255, 5.89094334247798], [0.9965609167575262, 5.891033750382307], [0.9965605925967647, 5.891124158286323], [0.9965602684309409, 5.891214566190031], [0.9965599442600557, 5.891304974093423], [0.9965596200841078, 5.891395381996509], [0.9966046009386729, 5.891440748255667], [0.9966948868313437, 5.891441072860181], [0.9967398677030253, 5.891486439113324], [0.9967395435461249, 5.89157684702582], [0.9967392193841631, 5.891667254938003], [0.9967388952171394, 5.891757662849878], [0.9967385710450539, 5.891848070761441], [0.9967382468679075, 5.891938478672694], [0.9967379226856986, 5.892028886583637], [0.9967375984984284, 5.892119294494271], [0.9967372743060963, 5.8922097024045925], [0.9967369501087031, 5.892300110314604], [0.9967366259062485, 5.892390518224304], [0.9967363016987308, 5.892480926133698], [0.9967359774861522, 5.8925713340427786], [0.996735653268512, 5.892661741951549], [0.9967353290458099, 5.8927521498600095], [0.9967350048180464, 5.892842557768159], [0.9967346805852211, 5.892932965675998], [0.9967343563473339, 5.893023373583528], [0.9967340321043848, 5.893113781490746], [0.9967337078563747, 5.893204189397654], [0.9967333836033024, 5.893294597304251], [0.996733059345169, 5.893385005210539], [0.9967327350819729, 5.8934754131165175], [0.9967324108137162, 5.893565821022183], [0.9967320865403969, 5.89365622892754], [0.9967317622620164, 5.893746636832584], [0.9967314379785738, 5.89383704473732], [0.9967311136900693, 5.893927452641745], [0.9967307893965033, 5.894017860545859], [0.9967304650978754, 5.8941082684496635], [0.9967301407941862, 5.894198676353158], [0.996729816485435, 5.89428908425634], [0.996729492171622, 5.894379492159213], [0.9967291678527472, 5.894469900061775], [0.9967288435288105, 5.894560307964026], [0.9967285191998123, 5.89465071586597], [0.9967281948657519, 5.894741123767599], [0.99672787052663, 5.894831531668919], [0.9967275461824464, 5.894921939569928], [0.9967272218332012, 5.895012347470628], [0.9967268974788938, 5.895102755371016], [0.996726573119525, 5.895193163271094], [0.9967262487550937, 5.8952835711708635], [0.9967259243856016, 5.895373979070319], [0.9967256000110468, 5.8954643869694685], [0.9967252756314309, 5.8955547948683025], [0.9967249512467523, 5.89564520276683], [0.9967246268570128, 5.895735610665043], [0.9967243024622109, 5.895826018562949], [0.9967239780623476, 5.895916426460542], [0.9967236536574221, 5.8960068343578245], [0.9967233292474351, 5.8960972422548], [0.9967230048323854, 5.89618765015146], [0.9967226804122747, 5.896278058047813], [0.9967223559871021, 5.896368465943855], [0.9967220315568678, 5.8964588738395864], [0.996721707121571, 5.896549281735005], [0.9967213826812126, 5.896639689630115], [0.9966760770877291, 5.896684731135339], [0.9965857903487144, 5.896684406239945], [0.9965404847431644, 5.89672944772911], [0.9965401602634838, 5.896819855613569], [0.9965398357787415, 5.896910263497716], [0.9965395112889369, 5.897000671381554], [0.9965391867940696, 5.89709107926508], [0.9965388622941409, 5.897181487148295], [0.9965385377891491, 5.897271895031199], [0.9965382132790951, 5.897362302913794], [0.9965378887639789, 5.8974527107960775], [0.9965375642437999, 5.897543118678051], [0.9964922585424695, 5.897588160137009], [0.9964019716675807, 5.897587835162223], [0.9963566659541804, 5.8976328766051225], [0.9963563413946736, 5.897723284476442], [0.99640132256317, 5.897768650909879], [0.9964916094672608, 5.897768975894698], [0.9965818963764153, 5.897769300864895], [0.9966721832906309, 5.897769625820473], [0.9967624702099092, 5.897769950761428], [0.9968527571342496, 5.897770275687763], [0.9969430440636508, 5.897770600599475], [0.9970333309981138, 5.897770925496568], [0.9970786366904886, 5.897725883984026], [0.9970789611331844, 5.897635476072587], [0.9970792855708196, 5.897545068160834], [0.9970796100033941, 5.897454660248773], [0.9971249156589751, 5.897409618722004], [0.9972152025451556, 5.8974099435698], [0.9972601837903556, 5.8974553099493745], [0.9972598593869834, 5.897545717871464], [0.9973048406442535, 5.897591084252166], [0.9973951275697569, 5.897591409080745], [0.9974401088441588, 5.897636775455417], [0.9974397844598675, 5.89772718338691], [0.9974847657463407, 5.897772549762707], [0.9975750527111669, 5.897772874572072], [0.9976200340147706, 5.897818240941838], [0.9976197096495626, 5.897908648882739], [0.9976646909652394, 5.897954015253627], [0.9977549779693886, 5.897954340043774], [0.9978452649785967, 5.8979546648192995], [0.9979355519928642, 5.897954989580202], [0.997980857657192, 5.897909947974814], [0.9979811819639928, 5.897819540013864], [0.9980264876111894, 5.897774498399574], [0.9981167746063704, 5.89777482312121], [0.9981620802414956, 5.897729781490864], [0.9981624045089759, 5.897639373519272], [0.9981174231559328, 5.8975940071830335], [0.9980271361899541, 5.897593682471422], [0.997982154854042, 5.897548316129153], [0.9979824791406074, 5.8974579081669605], [0.9980277847484849, 5.897412866542026], [0.9981180716852618, 5.897413191243615], [0.9981630530287615, 5.897458557575153], [0.9981627287713978, 5.897548965547367], [0.9982077101269698, 5.897594331880026], [0.9982979971030643, 5.897594656562398], [0.9983882840842182, 5.89759498123015], [0.9984785710704285, 5.897595305883279], [0.9985688580616974, 5.8975956305217885], [0.998659145058023, 5.897595955145675], [0.9987041264700415, 5.897641321453083], [0.9987038022901692, 5.897731729454741], [0.9987487837142618, 5.897777095763269], [0.9988390707499039, 5.8977774203679365], [0.9988840521911257, 5.89782278667043], [0.9988837280303428, 5.897913194681488], [0.9988834038645039, 5.898003602692234], [0.9988830796936087, 5.89809401070267], [0.9988827555176565, 5.898184418712796], [0.9988824313366479, 5.898274826722609], [0.9988821071505827, 5.898365234732112], [0.9988817829594612, 5.898455642741306], [0.9988814587632838, 5.898546050750187], [0.9988811345620493, 5.8986364587587605], [0.9988808103557586, 5.898726866767021], [0.9988804861444115, 5.89881727477497], [0.9989254676454398, 5.898862641102083], [0.9990157548664307, 5.898862965737619], [0.9990610605717869, 5.898817924041035], [0.9990613847539261, 5.898727516023066], [0.9991066904421511, 5.898682474317583], [0.9991969776440455, 5.898682798913853], [0.9992872648509954, 5.8986831234955], [0.9993775520630003, 5.898683448062523], [0.9994678392800608, 5.898683772614922], [0.9995581265021763, 5.898684097152697], [0.9996034321592275, 5.8986390553918975], [0.9996037562436326, 5.898548647343255], [0.9996490618835534, 5.898503605573559], [0.9997393490865705, 5.8985039300720725], [0.9998296362946427, 5.898504254555961], [0.9999199235077684, 5.898504579025229], [1.0000102107259488, 5.898504903479873], [1.0001004979491828, 5.898505227919893], [1.000145803557927, 5.898460186094882], [1.0001461275446035, 5.898369778015579], [1.0001464515262266, 5.8982793699359615], [1.0001467755027966, 5.898188961856034], [1.000101793904882, 5.89814359561144], [1.0000115067400601, 5.898143271191446], [0.9999665251592734, 5.898097904940816], [0.9999668491549419, 5.898007496870282], [0.9999671731455557, 5.897917088799437], [0.9999674971311168, 5.89782668072828], [0.9999225155719534, 5.8977813144834625], [0.999832228475648, 5.897780990054254], [0.9997872469336144, 5.8977356238034], [0.9997875709382699, 5.897645215741637], [0.9997878949378719, 5.8975548076795645], [0.9997882189324196, 5.897464399617181], [0.999833524444853, 5.897419357795945], [0.9999238114827543, 5.8974196822051255], [0.9999691169831147, 5.8973746403678415], [0.9999694409383528, 5.8972842322948225], [0.9999697648885377, 5.897193824221492], [0.9999700888336688, 5.897103416147852], [1.0000153942972476, 5.897058374296354], [1.0001056812868552, 5.897058698656268], [1.000150986738361, 5.8970136567887215], [1.000151310644185, 5.896923248704445], [1.0001966160785656, 5.896878206828006], [1.0002869030490797, 5.896878531148668], [1.0003771900246474, 5.89687885545471], [1.0004674770052675, 5.896879179746134], [1.0005577639909402, 5.896879504022938], [1.0006480509816649, 5.896879828285125], [1.0007383379774417, 5.896880152532691], [1.0008286249782703, 5.896880476765638], [1.0009189119841506, 5.896880800983967], [1.0010091989950818, 5.896881125187675], [1.001099486011064, 5.896881449376764], [1.0011897730320969, 5.896881773551235], [1.001280060058181, 5.896882097711087], [1.001370347089315, 5.896882421856318], [1.0014606341255001, 5.896882745986931], [1.001550921166734, 5.896883070102924], [1.001641208213018, 5.896883394204299], [1.0017314952643517, 5.896883718291054], [1.001776476972289, 5.896929084416244], [1.0017761533292573, 5.897019492590598], [1.0017758296811765, 5.897109900764642], [1.0017755060280475, 5.897200308938374], [1.0017751823698688, 5.897290717111798], [1.001774858706641, 5.89738112528491], [1.0017295533017734, 5.8974261673184465], [1.0016392661628393, 5.897425843201676], [1.0015939607458952, 5.897470885219167], [1.0015936370433667, 5.897561293381653], [1.001548331609297, 5.897606335390254], [1.0014580444512602, 5.897606011234235], [1.0013677572982735, 5.897605687063596], [1.0012774701503364, 5.897605362878336], [1.0011871830074501, 5.897605038678454], [1.0010968958696145, 5.897604714463952], [1.0010066087368295, 5.897604390234828], [1.0009163216090966, 5.897604065991084], [1.000826034486413, 5.89760374173272], [1.0007357473687828, 5.897603417459734], [1.0006904418844353, 5.897648459373787], [1.0006901180257934, 5.897738867485612], [1.0006448125243184, 5.89778390939077], [1.0005545253875883, 5.897783585078534], [1.0005092198740382, 5.897828626967644], [1.0005088959760884, 5.897919035068838], [1.0005085720730869, 5.898009443169721], [1.0005082481650325, 5.898099851270293], [1.000553229804785, 5.898145217492074], [1.0006435169999237, 5.898145541824335], [1.0007338042001137, 5.898145866141973], [1.0008240914053557, 5.898146190444988], [1.00091437861565, 5.898146514733381], [1.0010046658309946, 5.898146839007151], [1.001094953051391, 5.8981471632663], [1.0011852402768382, 5.898147487510826], [1.001275527507336, 5.8981478117407296], [1.0013658147428843, 5.898148135956011], [1.0014107964783807, 5.8981935021332825], [1.0014104727062498, 5.898283910283279], [1.001410148929069, 5.898374318432962], [1.001409825146838, 5.898464726582337], [1.0014548069039653, 5.898510092765415], [1.0015450942080257, 5.898510416971464], [1.0015900759822816, 5.898555783148501], [1.001589752219158, 5.898646191307261], [1.0015444466671746, 5.89869123328398], [1.0014541593339064, 5.898690909067926], [1.0014088537698447, 5.898735951028597], [1.0014085299674127, 5.898826359176728], [1.0014082061599312, 5.8989167673245495], [1.0014078823473995, 5.899007175472059], [1.0014075585298179, 5.89909758361926], [1.0014072347071856, 5.899187991766148], [1.0013619290866844, 5.8992330337073], [1.001271641675888, 5.899232709431975], [1.0012263360433065, 5.899277751357077], [1.0012260121813632, 5.899368159493336], [1.0012709939666067, 5.899413525709501], [1.0013612814066142, 5.899413849994831], [1.0014062632089888, 5.899459216204953], [1.0014059393661567, 5.8995496243506], [1.001405615518274, 5.8996400324959355], [1.0014052916653413, 5.899730440640961], [1.0014502734893533, 5.899775806856887], [1.0015405609978854, 5.89977613113298], [1.001585542839029, 5.899821497342861], [1.0015852190052097, 5.899911905497274], [1.0015848951663406, 5.900002313651373], [1.001584571322422, 5.900092721805161], [1.0015392656131952, 5.900137763739372], [1.0014489780462343, 5.9001374394432675], [1.0014036723249242, 5.900182481361426], [1.0014033484416904, 5.900272889504589], [1.0014483302943749, 5.900318255734593], [1.0015386178905505, 5.900318580040705], [1.001628905491777, 5.900318904332188], [1.0017191930980531, 5.9003192286090425], [1.0018094807093787, 5.900319552871271], [1.0018997683257527, 5.90031987711887], [1.0019447502348848, 5.900365243323581], [1.0019444264292, 5.900455651496135], [1.0019441026184668, 5.90054605966838], [1.0019437788026846, 5.9006364678403145], [1.0018984730536031, 5.900681509797847], [1.0018081853787946, 5.900681185530239], [1.0017628796176274, 5.90072622747172], [1.0017625557625296, 5.900816635633028], [1.0017622319023818, 5.900907043794027], [1.0017619080371853, 5.900997451954713], [1.0017615841669396, 5.901087860115089], [1.0017612602916437, 5.901178268275157], [1.0018062422314429, 5.9012236345093685], [1.00189652999391, 5.90122395880699], [1.0019868177614255, 5.9012242830899835], [1.0020771055339897, 5.901224607358346], [1.0021224113324858, 5.901179565397121], [1.0021227351493411, 5.901089157217046], [1.0021230589611472, 5.9009987490366616], [1.002123382767906, 5.900908340855968], [1.002123706569615, 5.900817932674961], [1.0021240303662762, 5.900727524493644], [1.0021693361083222, 5.900682482512901], [1.0022596238033248, 5.900682806721995], [1.0023046057708915, 5.900728172916833], [1.0023042820034482, 5.900818581108152], [1.002303958230958, 5.900908989299161], [1.0023036344534193, 5.9009993974898585], [1.0023486164426325, 5.901044763690497], [1.002438904206169, 5.9010450878903375], [1.0024838862125163, 5.901090454084927], [1.002483562454102, 5.901180862285004], [1.0024832386906408, 5.901271270484773], [1.002482914922132, 5.901361678684229], [1.0024376091231015, 5.901406720679406], [1.002347321301123, 5.901406396459563], [1.0023020154900073, 5.901451438438689], [1.0023016916821812, 5.901541846627522], [1.002301367869307, 5.901632254816045], [1.002301044051384, 5.901722663004256], [1.0023007202284149, 5.901813071192157], [1.0023003964003958, 5.901903479379748], [1.0023000725673306, 5.901993887567028], [1.0022997487292156, 5.902084295753997], [1.0022544428419844, 5.902129337708295], [1.0021641549132072, 5.902129013419179], [1.0020738669894793, 5.902128689115432], [1.0019835790708, 5.902128364797052], [1.0019382731619162, 5.902173406715662], [1.0019379492552543, 5.902263814882003], [1.001892643329233, 5.902308856791721], [1.001802355391426, 5.902308532434072], [1.0017573733942517, 5.902263166171708], [1.0017576973301394, 5.902172758015372], [1.0017127153450553, 5.902127391754119], [1.0016224274465713, 5.902127067377211], [1.0015321395531385, 5.902126742985668], [1.0014418516647552, 5.9021264185794955], [1.0013965457271814, 5.9021714604392], [1.0013962217328425, 5.902261868575526], [1.0014412036906895, 5.902307234857149], [1.0015314916082994, 5.9023075592733285], [1.001576473583285, 5.902352925548902], [1.001576149608072, 5.902443333694611], [1.0015758256278098, 5.902533741840012], [1.0015755016424972, 5.902624149985099], [1.001620483639135, 5.902669516266477], [1.0017107716252984, 5.902669840673402], [1.001755753639075, 5.90271520694873], [1.0017554296728912, 5.902805615103201], [1.001755105701658, 5.902896023257362], [1.0017547817253758, 5.902986431411214], [1.0017094757111378, 5.903031473280041], [1.0016191876665164, 5.903031148853104], [1.0015288996269458, 5.903030824411535], [1.0014386115924248, 5.903030499955329], [1.001393305556531, 5.903075541788465], [1.001392981511689, 5.903165949921681], [1.0013476754586552, 5.90321099174592], [1.0012573874050037, 5.903210667250439], [1.0012124054190028, 5.903165300935723], [1.0012127294930744, 5.903074892812513], [1.0011677475191627, 5.903029526498908], [1.0010774595048437, 5.903029201984165], [1.0010324775480726, 5.90298383566451], [1.0010328016412728, 5.902893427550686], [1.0010781076766286, 5.902848385751513], [1.0011683956617183, 5.90284871025625], [1.0012137016849858, 5.902803668441019], [1.001214025738854, 5.902713260316566], [1.0011690437840706, 5.902667894012346], [1.0010787558282095, 5.90266756951762], [1.000988467877399, 5.902667245008259], [1.00089817993164, 5.902666920484265], [1.0008078919909322, 5.902666595945637], [1.0007176040552768, 5.902666271392376], [1.0006726221569637, 5.90262090506285], [1.0006729462884134, 5.9025304969678025], [1.000673270414811, 5.902440088872445], [1.0006735945361571, 5.9023496807767755], [1.000718900531641, 5.902304639000932], [1.0008091884088424, 5.902304963534173], [1.0008544943922404, 5.902259921742273], [1.000854818474256, 5.902169513635972], [1.0008551425512207, 5.90207910552936], [1.0008554666231326, 5.901988697422439], [1.000855790689994, 5.901898289315205], [1.0008561147518031, 5.90180788120766], [1.0009014206787343, 5.901762839396236], [1.0009917084783655, 5.901763163870184], [1.0010370143932101, 5.9017181220427], [1.0010373384156934, 5.901627713924526], [1.001037662433125, 5.90153730580604], [1.0010379864455061, 5.901446897687245], [1.0009930045773157, 5.9014015314062505], [1.0009027168361297, 5.901401206952318], [1.0008124290999956, 5.901400882483758], [1.000722141368913, 5.901400558000565], [1.0006771595375212, 5.9013551917039], [1.0006774835982428, 5.9012647836045025], [1.0006325017789348, 5.90121941730895], [1.0005422140871774, 5.9012190928065085], [1.0004519264004725, 5.901218768289437], [1.0003616387188206, 5.9012184437577355], [1.000316656936312, 5.901173077446516], [1.0003169810453691, 5.901082669366517], [1.000317305149373, 5.900992261286209], [1.0003176292483247, 5.90090185320559], [1.000362935105617, 5.900856811426488], [1.00045322272883, 5.900857135938167], [1.0004985285740393, 5.900812094143012], [1.000498852633666, 5.900721686051759], [1.0004991766882407, 5.900631277960196], [1.0004995007377624, 5.900540869868322], [1.0005448065461746, 5.900495828058954], [1.000635094121057, 5.900496152521352], [1.0006803999173874, 5.90045111069593], [1.000680723927588, 5.900360702593424], [1.0006810479327364, 5.900270294490608], [1.000681371932833, 5.9001798863874795], [1.0006816959278777, 5.900089478284043], [1.00068201991787, 5.899999070180294], [1.0006370381654586, 5.899953703917604], [1.000546750678224, 5.899953379485238], [1.0005017689429467, 5.899908013216505], [1.000502092952049, 5.899817605122146], [1.0005024169560985, 5.8997271970274765], [1.0005027409550955, 5.899636788932495], [1.0004577592414532, 5.899591422669574], [1.0003674718227495, 5.899591098227977], [1.0003221661030823, 5.8996361400442945], [1.0003218420748716, 5.899726548129265], [1.0003215180416085, 5.899816956213921], [1.0003211940032923, 5.899907364298271], [1.000275888246833, 5.899952406100376], [1.0001856007798084, 5.899952081609502], [1.0001402950112677, 5.8999971233955515], [1.0001399709336316, 5.900087531469266], [1.0000946651479574, 5.900132573246421], [1.0000043776618246, 5.900132248716281], [0.9999590718640692, 5.90017729047738], [0.9999587477471099, 5.900267698540459], [0.9999134419322196, 5.900312740292662], [0.9998231544269791, 5.900312415723253], [0.9997778486000088, 5.9003574574594], [0.9997775244437255, 5.900447865511844], [0.9997772002823887, 5.900538273563977], [0.9997768761159976, 5.900628681615797], [0.9997315702522278, 5.90067372333773], [0.9996412826986624, 5.900673398719032], [0.9995509951501511, 5.9006730740857085], [0.9994607076066949, 5.9006727494377555], [0.9993704200682939, 5.900672424775174], [0.9992801325349492, 5.900672100097964], [0.9992351508990888, 5.900626733743103], [0.9992354751531324, 5.900536325721329], [0.9991904935293542, 5.900490959367588], [0.999100206035337, 5.9004906346711365], [0.9990549001504901, 5.900535676323421], [0.9990545758672296, 5.900626084335176], [0.9990542515789127, 5.90071649234662], [0.9990539272855395, 5.900806900357756], [0.9990989089112869, 5.900852266726934], [0.99918919646374, 5.90085259144342], [0.9992794840212487, 5.900852916145276], [0.999369771583812, 5.900853240832505], [0.9994600591514312, 5.900853565505102], [0.9995503467241059, 5.900853890163072], [0.99959532840632, 5.900899256506969], [0.999595004190492, 5.900989664547532], [0.9995946799696093, 5.901080072587785], [0.9995943557436722, 5.9011704806277265], [0.9995940315126797, 5.901260888667359], [0.9995937072766332, 5.901351296706678], [0.9995933830355312, 5.9014417047456895], [0.9995930587893747, 5.901532112784388], [0.9996380405123384, 5.901577479143493], [0.9997283282120043, 5.901577803812266], [0.9997733099521066, 5.901623170165328], [0.9997729857250635, 5.90171357821342], [0.9997726614929661, 5.901803986261202], [0.9997723372558136, 5.901894394308674], [0.9997720130136076, 5.901984802355834], [0.9997716887663469, 5.902075210402683], [0.9997263827452566, 5.90212025208207], [0.9996360949579192, 5.902119927383251], [0.9995458071756371, 5.9021196026698], [0.9994555193984095, 5.9021192779417175], [0.9993652316262368, 5.902118953199003], [0.9992749438591201, 5.902118628441656], [0.9992296378068302, 5.902163670065701], [0.9992293134617841, 5.90225407808188], [0.9992289891116822, 5.902344486097749], [0.9992286647565244, 5.902434894113306], [0.9992736464879393, 5.902480260515147], [0.9993639343135079, 5.902480585292528], [0.9994089160620632, 5.902525951688324], [0.9994085917260214, 5.902616359713277], [0.9994535734866624, 5.90266172611019], [0.9995438613515693, 5.902662050868321], [0.9995888431293519, 5.902707417259191], [0.9995885188124279, 5.902797825293536], [0.999633500602297, 5.902843191685522], [0.9997237885065419, 5.902843516424402], [0.9997687703135529, 5.902888882810342], [0.9997684460157489, 5.902979290854082], [0.999813427834847, 5.903024657241137], [0.9999037157784296, 5.903024981960763], [0.9999486976146704, 5.903070348341772], [0.9999483733359867, 5.903160756394907], [0.9999030672064478, 5.903205798062023], [0.9998127792336351, 5.903205473332384], [0.9997224912658763, 5.903205148588107], [0.9996322033031729, 5.903204823829197], [0.9995868971519852, 5.903249865460611], [0.9995865728047315, 5.903340273493095], [0.9995412666364014, 5.90338531511561], [0.9994509786545761, 5.903384990317413], [0.9993606906778056, 5.903384665504581], [0.9992704027060914, 5.903384340677113], [0.9992250965161116, 5.903429382263921], [0.9992247721002855, 5.903519790275748], [0.9992244476794023, 5.903610198287264], [0.9992241232534644, 5.90370060629847], [0.9992237988224699, 5.903791014309365], [0.9992234743864202, 5.903881422319949], [0.9992231499453142, 5.903971830330222], [0.9992228254991529, 5.904062238340182], [0.9992225010479355, 5.904152646349833], [0.9992221765916619, 5.904243054359173], [0.999176870305848, 5.904288095915803], [0.999086582198076, 5.904287771008974], [0.9990416003907373, 5.9042424045505255], [0.9990419248762458, 5.904151996551204], [0.9989969430809963, 5.904106630093874], [0.9989066550125725, 5.9041063051677884], [0.9988616732344691, 5.904060938704412], [0.9988619977390998, 5.9039705307144885], [0.9988623222386734, 5.903880122724251], [0.9988626467331905, 5.903789714733707], [0.9988176649767362, 5.9037443482761445], [0.9987273769768947, 5.903744023340826], [0.9986823952375841, 5.9036986568772205], [0.9986827197512214, 5.903608248896072], [0.9986377380239991, 5.903562882433585], [0.998547450063504, 5.903562557479013], [0.9984571621080666, 5.903562232509808], [0.9983668741576871, 5.903561907525964], [0.9982765862123655, 5.903561582527487], [0.9981862982721026, 5.903561257514374], [0.9980960103368975, 5.9035609324866245], [0.9980057224067511, 5.90356060744424], [0.9979607407556969, 5.9035152409468346], [0.9979610653761464, 5.903424833005152], [0.9979160837371785, 5.903379466508867], [0.997825795846382, 5.903379141447235], [0.9977804895799374, 5.903424182876876], [0.9977801649302558, 5.903514590808534], [0.9977798402755151, 5.90360499873988], [0.9977795156157155, 5.9036954066709155], [0.9977342093124496, 5.903740448086328], [0.9976439213733078, 5.903740122975375], [0.9975536334392251, 5.903739797849787], [0.9974633455102025, 5.90373947270956], [0.9973730575862404, 5.903739147554698], [0.9972827696673393, 5.9037388223852005], [0.9971924817534976, 5.903738497201067], [0.9971021938447178, 5.903738172002297], [0.9970572122824892, 5.903692805452075], [0.9970575370592201, 5.903602397561144], [0.9971028433835627, 5.9035573562154235], [0.9971931312631105, 5.903557681404166], [0.9972384375753682, 5.9035126400423765], [0.9972387623127444, 5.903422232140798], [0.9972390870450604, 5.903331824238909], [0.9972394117723152, 5.903241416336706], [0.9972847180477505, 5.903196374960687], [0.997375005878957, 5.903196700100103], [0.9974203121423071, 5.903151658708016], [0.9974206368302105, 5.903061250795166], [0.9973756552693787, 5.903015884279419], [0.9972853674674023, 5.903015559150028], [0.9972403859237152, 5.902970192628242], [0.9972407106307271, 5.902879784724797], [0.9971957290991245, 5.902834418204131], [0.9971054413364979, 5.9028340930555006], [0.9970604598220402, 5.902788726528795], [0.9970607845481579, 5.902698318634757], [0.9971060907741202, 5.902653277262409], [0.9971963785075186, 5.9026536024010126], [0.9972866662459773, 5.902653927524982], [0.9973769539894971, 5.902654252634316], [0.9974672417380763, 5.9026545777290185], [0.9975575294917175, 5.902654902809086], [0.9976028356864891, 5.90260986138138], [0.9976031603148037, 5.90251945345664], [0.9976484664924326, 5.902474412020028], [0.9977387542269653, 5.902474737060804], [0.9978290419665571, 5.902475062086947], [0.9979193297112088, 5.902475387098457], [0.9979646358671999, 5.9024303456261356], [0.9979649604269422, 5.902339937680723], [0.9979652849816253, 5.902249529735001], [0.997965609531249, 5.902159121788967], [0.9979659340758144, 5.90206871384262], [0.9979662586153207, 5.901978305895966], [0.9980115647148264, 5.901933264404095], [0.9981018523819198, 5.901933589356269], [0.9981468339641195, 5.901978955805325], [0.9981465094538373, 5.902069363762004], [0.9981461849384972, 5.902159771718373], [0.998145860418098, 5.9022501796744296], [0.9981908420219345, 5.902295546129307], [0.998281129757594, 5.902295871072264], [0.9983264358748051, 5.90225082955533], [0.9983267603659784, 5.902160421589249], [0.9983270848520941, 5.9020700136228585], [0.9983274093331513, 5.901979605656158], [0.9983277338091503, 5.901889197689145], [0.9983280582800923, 5.901798789721821], [0.9982830766877749, 5.901753423287087], [0.998192789039789, 5.901753098374199], [0.9981025013968611, 5.901752773446679], [0.9980122137589914, 5.901752448504529], [0.9979672322034869, 5.901707082054134], [0.997967556722757, 5.901616674106233], [0.9979678812369696, 5.901526266158024], [0.9979682057461219, 5.901435858209504], [0.9979232242122504, 5.90139049176493], [0.9978329366429431, 5.901390166813566], [0.9977876305928963, 5.901435208301762], [0.9977873060545214, 5.901525616240259], [0.9977419999873345, 5.901570657719553], [0.9976517123989245, 5.9015703327289035], [0.9975614248155737, 5.901570007723624], [0.9974711372372826, 5.901569682703711], [0.9973808496640525, 5.901569357669169], [0.9972905620958823, 5.901569032619996], [0.9972002745327719, 5.901568707556191], [0.9971099869747237, 5.901568382477756], [0.9970650055271256, 5.901523015983973], [0.9970653301823867, 5.901432608085584], [0.9970656548325879, 5.9013422001868845], [0.9970659794777263, 5.901251792287871], [0.9970209980517584, 5.9012064257999155], [0.9969307105622743, 5.901206100712277], [0.996840423077852, 5.901205775610008], [0.9967501355984912, 5.90120545049311], [0.9967048295108168, 5.90125049186877], [0.9967045048072359, 5.901340899747723], [0.9966591987024199, 5.901385941114474], [0.9965689112039631, 5.901385615958286], [0.9964786237105681, 5.901385290787466], [0.9963883362222358, 5.901384965602017], [0.9963430300957932, 5.901430006933059], [0.9963427053236448, 5.901520414791329], [0.9963423805464336, 5.901610822649287], [0.9963420557641596, 5.901701230506934], [0.9963417309768228, 5.901791638364271], [0.9963414061844226, 5.901882046221297], [0.9962961000014886, 5.901927087532778], [0.9962058124356143, 5.901926762287971], [0.9961608310672864, 5.901881395736701], [0.9961611558889103, 5.901790987889707], [0.9961161745326628, 5.901745621339562], [0.9960258870061396, 5.901745296075527], [0.9959355994846797, 5.90174497079686], [0.9958453119682837, 5.90174464550356], [0.9957550244569516, 5.90174432019563], [0.9956647369506845, 5.90174399487307], [0.9955744494494828, 5.901743669535876], [0.995484161953345, 5.9017433441840526], [0.995438855739818, 5.901788385406197], [0.9954385308013004, 5.901878793213053], [0.9954835120909231, 5.901924159802781], [0.9955737996162835, 5.90192448516464], [0.995618780923051, 5.901969851748334], [0.9956184560036286, 5.902060259564602], [0.9956181310791404, 5.90215066738056], [0.9956178061495872, 5.902241075196207], [0.9956174812149692, 5.902331483011544], [0.9956171562752871, 5.902421890826569], [0.9956168313305391, 5.902512298641283], [0.9956165063807265, 5.902602706455687], [0.9956161814258496, 5.902693114269779], [0.995615856465907, 5.902783522083562], [0.995570550146392, 5.902828563289803], [0.9954802624749006, 5.902828237877763], [0.9954349561433039, 5.902873279067935], [0.9954346311440034, 5.902963686871058], [0.9954343061396371, 5.9030540946738705], [0.9954339811302059, 5.903144502476374], [0.9954336561157096, 5.903234910278563], [0.9954333310961474, 5.903325318080444], [0.9954330060715202, 5.903415725882012], [0.9954326810418271, 5.903506133683271], [0.9954323560070695, 5.903596541484218], [0.9954320309672455, 5.903686949284854], [0.9953867245397774, 5.903731990444798], [0.9952964367322644, 5.903731664953305], [0.9952511302927128, 5.903776706097176], [0.9952508052135256, 5.903867113887153], [0.9952957865885054, 5.9039124805382786], [0.9953860744252524, 5.9039128060398065], [0.9954310558173832, 5.903958172684897], [0.9954307307572976, 5.904048580484289], [0.9953854242904657, 5.904093621633573], [0.9952951364244839, 5.9040932961220065], [0.9952498299455678, 5.904138337255218], [0.9952495048461169, 5.904228745043951], [0.9952491797415997, 5.904319152832374], [0.9952488546320171, 5.904409560620483], [0.9952485295173686, 5.9044999684082855], [0.9952482043976544, 5.904590376195774], [0.9952478792728743, 5.904680783982951], [0.9952475541430279, 5.904771191769819], [0.9952925355657692, 5.904816558444483], [0.9953828235486961, 5.904816883996198], [0.9954278049885902, 5.904862250664824], [0.9954274798778511, 5.904952658461106], [0.9954271547620469, 5.905043066257077], [0.9954268296411769, 5.905133474052737], [0.9953815230562395, 5.905178515170046], [0.9952912350148333, 5.9051781895982565], [0.9952459284178093, 5.905223230699488], [0.9952456032575681, 5.905313638484491], [0.9952452780922605, 5.9054040462691795], [0.9952449529218876, 5.905494454053558], [0.9952446277464484, 5.905584861837627], [0.9952443025659434, 5.9056752696213834], [0.9952892840364567, 5.905720636319584], [0.9953795721655877, 5.905720961921485], [0.9954245536532552, 5.905766328613647], [0.9954242284918622, 5.905856736406818], [0.995423903325403, 5.90594714419968], [0.9954235781538786, 5.906037551992228], [0.9954232529772885, 5.906127959784468], [0.9954229277956333, 5.906218367576394], [0.9954226026089124, 5.906308775368011], [0.995422277417126, 5.906399183159315], [0.9954219522202741, 5.906489590950309], [0.9954216270183571, 5.906579998740992], [0.995376320275921, 5.906625039815664], [0.995286032000564, 5.906624714163579], [0.995240725246037, 5.906669755222174], [0.9952404000047412, 5.906760163002197], [0.9952400747583781, 5.906850570781909], [0.9952397495069503, 5.906940978561309], [0.9952394242504566, 5.9070313863404005], [0.9952390989888961, 5.907121794119178], [0.9952840805358678, 5.9071671608550425], [0.9953743688989716, 5.907167486537239], [0.9954193504631021, 5.907212853267059], [0.9954190252206602, 5.907303261055252], [0.9954186999731536, 5.907393668843135], [0.9954183747205813, 5.9074840766307055], [0.995418049462943, 5.907574484417967], [0.9954177242002393, 5.907664892204916], [0.9953724173396591, 5.907709933247612], [0.9952821288888015, 5.907709607535303], [0.9952371473131498, 5.907664240785317], [0.9952374726051062, 5.9075738330084056], [0.995237797891996, 5.907483425231182], [0.99523812317382, 5.907393017453649], [0.9951931416198215, 5.907347650709494], [0.9951478347817525, 5.907392691736936], [0.9951475094853024, 5.9074830995094505], [0.9951471841837863, 5.907573507281656], [0.9951468588772042, 5.907663915053549], [0.9951465335655558, 5.90775432282513], [0.9951462082488404, 5.907844730596402], [0.9951911898242065, 5.907890097355907], [0.995281478299252, 5.9078904230929], [0.9953717667793631, 5.907890748815246], [0.9954167483817354, 5.907936115563896], [0.9954164230987697, 5.9080265233496005], [0.995416097810738, 5.908116931134994], [0.9954157725176418, 5.908207338920075], [0.9953704655979831, 5.908252379946782], [0.9952801770593621, 5.908252054204362], [0.9952348701276094, 5.908297095214985], [0.9952345447951252, 5.908387502989409], [0.9952795264090218, 5.908432869758225], [0.9953698149768988, 5.908433195510683], [0.9954147966079573, 5.908478562273453], [0.9954144712945986, 5.908568970057289], [0.9954141459761736, 5.908659377840816], [0.9954138206526831, 5.908749785624031], [0.9954134953241274, 5.908840193406935], [0.995413169990506, 5.908930601189525], [0.9954128446518186, 5.9090210089718065], [0.9954125193080656, 5.909111416753777], [0.9954121939592473, 5.909201824535435], [0.995411868605363, 5.909292232316782], [0.9954115432464138, 5.909382640097816], [0.9954112178823984, 5.909473047878541], [0.995365910824875, 5.90951808886794], [0.9952756220814417, 5.909517763055259], [0.9952303150118204, 5.9095628040285755], [0.9952299896084114, 5.9096532117986404], [0.9952296641999357, 5.909743619568394], [0.9952293387863946, 5.909834027337834], [0.9951840316799111, 5.909879068296904], [0.9950937428880844, 5.909878742434847], [0.995048435769502, 5.909923783377831], [0.9950481103165641, 5.910014191136613], [0.9950477848585594, 5.910104598895082], [0.9950474593954891, 5.910195006653241], [0.9950924410853318, 5.910240373478767], [0.9951827299356882, 5.910240699360902], [0.9952277116426972, 5.910286066180377], [0.9952273861987592, 5.910376473947951], [0.9952270607497553, 5.910466881715214], [0.9952267352956852, 5.910557289482166], [0.9952264098365493, 5.910647697248807], [0.9952260843723464, 5.910738105015135], [0.995180777167367, 5.910783145947554], [0.9950904882292098, 5.910782820035305], [0.9950451810121287, 5.910827860951635], [0.9950448555085255, 5.910918268707304], [0.9950445299998548, 5.911008676462661], [0.9950442044861183, 5.911099084217706], [0.9950891862237986, 5.91114445106677], [0.9951794752204943, 5.911144776999095], [0.9952244569753423, 5.911190143842108], [0.9952241314807433, 5.911280551606572], [0.9951788242166604, 5.9113255925229975], [0.9950885351906941, 5.911325266580634], [0.9950432279145084, 5.911370307480974], [0.9950429023805054, 5.911460715234775], [0.9949975950871515, 5.911505756126196], [0.9949073060420457, 5.911505430144483], [0.994861998736589, 5.911550471019817], [0.9948616731631797, 5.911640878762957], [0.9948613475847035, 5.911731286505782], [0.9948610220011606, 5.911821694248298], [0.9948606964125503, 5.911912101990503], [0.9948603708188734, 5.912002509732393], [0.9948600452201282, 5.912092917473976], [0.9948597196163168, 5.912183325215245], [0.994859394007438, 5.912273732956203], [0.9948590683934926, 5.912364140696849], [0.9948587427744797, 5.912454548437185], [0.994858417150399, 5.912544956177209], [0.9949033989449356, 5.912590323073576], [0.9949936881656899, 5.912590649115523], [0.9950386699773988, 5.912636016005837], [0.9950383443724619, 5.912726423755277], [0.994993036941178, 5.912771464609383], [0.9949027476911455, 5.912771138557396], [0.9948124584461814, 5.912770812490752], [0.9947671509980055, 5.912815853318928], [0.9947668253390171, 5.912906261052686], [0.9947215178736684, 5.912951301871945], [0.9946762104009995, 5.912996342684949], [0.9947211921997591, 5.913041709602726], [0.9947661740058388, 5.913087076519267], [0.9948111558192385, 5.913132443434577], [0.9948561376399586, 5.913177810348655], [0.9948558119753413, 5.9132682180861895], [0.9948105044753639, 5.9133132589046244], [0.994720215147627, 5.9133129327931995], [0.9946749076355427, 5.91335797359554], [0.9946745819315097, 5.91344838132241], [0.9946742562224083, 5.9135387890489675], [0.9946739305082405, 5.913629196775214], [0.994673604789004, 5.91371960450115], [0.9946732790647002, 5.913810012226773], [0.9947182609065404, 5.913855379165738], [0.9948085503221242, 5.913855705307282], [0.994853532181139, 5.913901072240193], [0.9948532064759849, 5.913991479975234], [0.9948078988971726, 5.914036520772343], [0.9947176094523037, 5.914036194620758], [0.9946723018613834, 5.914081235401774], [0.9946719761168087, 5.91417164312615], [0.9946716503671664, 5.914262050850215], [0.9946713246124572, 5.914352458573971], [0.9946709988526798, 5.914442866297413], [0.9946706730878345, 5.9145332740205445], [0.9946253654403155, 5.914578314781975], [0.9945350759177235, 5.914577988570945], [0.9944897682580944, 5.914623029316282], [0.9944894424538262, 5.914713437028748], [0.9944891166444898, 5.914803844740903], [0.9944887908300851, 5.914894252452747], [0.9944434831335653, 5.91493929318383], [0.9943531935625334, 5.914938966923388], [0.9943078858539032, 5.914984007638376], [0.9942625781379509, 5.915029048347107], [0.9942172704146759, 5.915074089049585], [0.9942169445411312, 5.915164496745432], [0.9941716368006768, 5.9152095374389875], [0.9941263290528999, 5.915254578126289], [0.9941260031545723, 5.91534498581649], [0.9940806953896145, 5.91539002649487], [0.994035387617335, 5.915435067166995], [0.994035061694223, 5.9155254748515524], [0.9939897539047617, 5.915570515514754], [0.9939444461079785, 5.9156155561717005], [0.9939441201600816, 5.915705963850613], [0.9939437942071153, 5.915796371529211], [0.9939434682490792, 5.9158867792075], [0.9938981604153967, 5.915931819850192], [0.9938528525743926, 5.915976860486627], [0.9938525265915696, 5.91606726815927], [0.9938072187333818, 5.916112308786782], [0.9937619108678711, 5.91615734940804], [0.9937615848602609, 5.916247757075036], [0.9937612588475817, 5.916338164741723], [0.9937159509550275, 5.916383205351387], [0.9936706430551506, 5.916428245954799], [0.9936703170176817, 5.916518653615838], [0.993625009100621, 5.916563694210324], [0.9935797011762355, 5.916608734798556], [0.993579375113977, 5.916699142453949], [0.9935790490466491, 5.91678955010903], [0.9935337410952201, 5.91683459068567], [0.9934884331364651, 5.9168796312560525], [0.9935334150129607, 5.916924998337771], [0.9935783968967798, 5.916970365418256], [0.9935780708142401, 5.917060773072402], [0.9935777447266294, 5.917151180726236], [0.993577418633948, 5.917241588379757], [0.9935321106332181, 5.917286628943061], [0.9934418207320442, 5.917286302405376], [0.9933965127191979, 5.9173313429525765], [0.9933961865870745, 5.917421750595427], [0.9933958604498794, 5.917512158237969], [0.9933955343076132, 5.9176025658801965], [0.9933952081602764, 5.917692973522115], [0.9933948820078691, 5.917783381163719], [0.9933945558503903, 5.9178737888050135], [0.9933942296878405, 5.917964196445996], [0.9933939035202197, 5.918054604086666], [0.993393577347528, 5.918145011727025], [0.9933932511697648, 5.91823541936707], [0.9933929249869308, 5.918325827006806], [0.993392598799026, 5.918416234646229], [0.9933922726060502, 5.91850664228534], [0.9933919464080031, 5.91859704992414], [0.9933916202048849, 5.918687457562631], [0.9933912939966958, 5.918777865200805], [0.9933909677834353, 5.918868272838669], [0.9933906415651046, 5.918958680476221], [0.9933903153417016, 5.919049088113462], [0.9933899891132285, 5.9191394957503904], [0.993389662879684, 5.919229903387008], [0.9933893366410681, 5.919320311023313], [0.9933890103973816, 5.919410718659307], [0.9933886841486241, 5.919501126294988], [0.9933883578947956, 5.919591533930358], [0.9933880316358953, 5.9196819415654165], [0.9933877053719244, 5.919772349200163], [0.9933873791028826, 5.919862756834596], [0.9933870528287693, 5.919953164468718], [0.993432034858306, 5.9199985316353585], [0.9934770168951707, 5.920043898800763], [0.993476690625573, 5.9201343064392855], [0.9934763643509043, 5.920224714077494], [0.9935213464046855, 5.920270081246377], [0.9935663284657947, 5.92031544841402], [0.9935660021956428, 5.920405856056632], [0.9936109842688756, 5.920451223225395], [0.9936559663494375, 5.920496590392924], [0.9936556400838024, 5.920586998039934], [0.9937006221764886, 5.920632365208582], [0.993745604276504, 5.920677732375993], [0.9937905863838482, 5.92072309954217], [0.9938355684985227, 5.920768466707108], [0.9938352422469958, 5.920858874363226], [0.9938349159903982, 5.920949282019034], [0.9938798981219913, 5.920994649187448], [0.9939248802609156, 5.921040016354624], [0.9939245540088381, 5.921130424014829], [0.993924227751691, 5.921220831674724], [0.9939692099075342, 5.921266198845373], [0.9940141920707092, 5.921311566014787], [0.9940138658180837, 5.921401973679079], [0.9940588479933836, 5.92144734084961], [0.9941038301760151, 5.9214927080189055], [0.9941035039279108, 5.921583115687595], [0.9941031776747379, 5.921673523355972], [0.9941028514164956, 5.9217639310240395], [0.9941025251531834, 5.921854338691793], [0.9941021988848023, 5.921944746359236], [0.9941018726113517, 5.922035154026363], [0.9941015463328314, 5.922125561693182], [0.9941012200492421, 5.922215969359689], [0.9941008937605837, 5.922306377025882], [0.9941005674668552, 5.922396784691764], [0.9941002411680576, 5.922487192357336], [0.994099914864191, 5.922577600022594], [0.9940995885552547, 5.922668007687539], [0.9940992622412489, 5.922758415352176], [0.9941442444983646, 5.9228037825532], [0.9941892267628126, 5.922849149752989], [0.9941439181840869, 5.922894190219877], [0.9940986095980291, 5.922939230680508], [0.9940982832688151, 5.923029638344205], [0.9940979569345316, 5.9231200460075915], [0.9940976305951784, 5.923210453670666], [0.9941426128762835, 5.923255820883465], [0.9941875951647209, 5.923301188095028], [0.9941872688298948, 5.923391595762499], [0.9941869424900001, 5.923482003429659], [0.9941866161450356, 5.923572411096507], [0.9942315984552017, 5.923617778313895], [0.9942765807727006, 5.9236631455300435], [0.9942762544322649, 5.923753553201289], [0.994321236761896, 5.923798920418554], [0.9944115277691988, 5.923799247171058], [0.9944565101160313, 5.923844614382251], [0.9944561837947921, 5.9239350220629134], [0.9944558574684831, 5.924025429743266], [0.9944555311371064, 5.9241158374233045], [0.9945005135056719, 5.924161204640322], [0.9945908045817808, 5.924161531383536], [0.9946357869675484, 5.92420689859448], [0.9946354606553706, 5.924297306283936], [0.9946804430532712, 5.924342673495996], [0.9947707341688532, 5.924343000219876], [0.9948157165839566, 5.924388367425862], [0.9948153902909802, 5.924478775124735], [0.9948150639929353, 5.924569182823296], [0.9948147376898236, 5.924659590521546], [0.994859720126663, 5.924704957733352], [0.994950011311056, 5.9247052844479375], [0.9949949937650977, 5.92475065165367], [0.994994667481189, 5.924841059361335], [0.9949943411922134, 5.924931467068685], [0.9949940148981704, 5.925021874775728], [0.9950389973739521, 5.925067241987281], [0.9951292886271579, 5.925067568692565], [0.9951742711201427, 5.925112935898043], [0.9951739448453066, 5.9252033436144975], [0.9951736185654032, 5.925293751330641], [0.9951732922804327, 5.925384159046471], [0.995172965990396, 5.925474566761989], [0.9951726396952922, 5.925564974477196], [0.995217622219623, 5.925610341693201], [0.9952626047512894, 5.925655708907964], [0.9952172959242552, 5.925700749410449], [0.9951719870898856, 5.925745789906671], [0.9952169696238204, 5.925791157127383], [0.9953072610045288, 5.92579148384344], [0.9953522435556701, 5.925836851058075], [0.9953519172696437, 5.925927258782071], [0.9953968998329231, 5.925972625997816], [0.9954871912531085, 5.925972952694528], [0.9955321738335943, 5.926018319904196], [0.9955318475667804, 5.9261087276376045], [0.9955315212949011, 5.926199135370701], [0.995531195017956, 5.926289543103485], [0.9955761776201877, 5.92633491031897], [0.995666469109197, 5.926335237006371], [0.9957114517286355, 5.926380604215776], [0.9957111254709057, 5.926471011957972], [0.9957107992081105, 5.926561419699855], [0.9957104729402493, 5.926651827441426], [0.9957554555814384, 5.926697194656649], [0.9958457471392734, 5.926697521334734], [0.9958907297976686, 5.926742888543875], [0.9958904035490256, 5.9268332962948564], [0.9958900772953175, 5.926923704045528], [0.9958897510365444, 5.927014111795886], [0.9958894247727068, 5.927104519545931], [0.9958890985038032, 5.927194927295663], [0.9959340811935619, 5.927240294515325], [0.9960243728495773, 5.927240621194128], [0.9960693555565432, 5.927285988407705], [0.9960690293068617, 5.92737639616685], [0.996023720335539, 5.927421436707396], [0.9959334286501718, 5.927421110018561], [0.995888119666704, 5.927466150542991], [0.9958877933775404, 5.927556558291476], [0.9958874670833121, 5.9276469660396485], [0.9958871407840187, 5.927737373787508], [0.9958868144796603, 5.927827781535056], [0.9958864881702362, 5.927918189282293], [0.9959314708984405, 5.927963556520775], [0.9960217626718698, 5.927963883239713], [0.9960667454172834, 5.928009250472111], [0.9960664191270848, 5.928099658228756], [0.9961114018846444, 5.928145025462262], [0.996201693697558, 5.928145352161842], [0.9962466764723276, 5.9281907193892645], [0.9962463502013568, 5.928281127155319], [0.9962913329882718, 5.92832649438385], [0.9963816248406706, 5.928326821064067], [0.9964266076447967, 5.928372188286512], [0.9964262813930547, 5.928462596061976], [0.9964712642093271, 5.9285079632855275], [0.9965615561012109, 5.928508289946382], [0.996606538934694, 5.928553657163849], [0.9966062127021827, 5.928644064948719], [0.9966511955478145, 5.9286894321672925], [0.9967414874791825, 5.928689758808781], [0.9967864703420245, 5.928735126021269], [0.9967861441287457, 5.928825533815545], [0.9968311270037362, 5.928870901029139], [0.9969214189745889, 5.92887122765126], [0.9969664018667905, 5.928916594858767], [0.9969660756727462, 5.929007002662448], [0.9969657494736395, 5.929097410465817], [0.9969654232694706, 5.929187818268872], [0.9969650970602391, 5.9292782260716175], [0.9969647708459453, 5.929368633874049], [0.9970097537695318, 5.9294140010920655], [0.9971000458385929, 5.929414327714876], [0.997145028779393, 5.9294596949268055], [0.9971447025843369, 5.929550102738641], [0.9971443763842188, 5.929640510550164], [0.9971440501790393, 5.929730918361378], [0.9971890331416091, 5.929776285579112], [0.9972793252795212, 5.929776612192578], [0.9973696174224944, 5.929776938791343], [0.9974599095705298, 5.929777265375405], [0.9975048925700557, 5.929822632577363], [0.9975045664134814, 5.929913040408006], [0.9975495494251598, 5.929958407611066], [0.9976398416126823, 5.929958734175753], [0.9976848246415723, 5.930004101372723], [0.9976844985042419, 5.9300945092127675], [0.9976841723618505, 5.9301849170524985], [0.9976838462143984, 5.930275324891919], [0.9977288292650658, 5.930320692094691], [0.9978191215214404, 5.9303210186500275], [0.9978641045893212, 5.930366385846708], [0.9978637784611151, 5.930456793695527], [0.9978634523278499, 5.9305472015440355], [0.9978631261895237, 5.93063760939223], [0.9979081092791809, 5.930682976594715], [0.9979984016044126, 5.930683303140693], [0.9980433847112846, 5.930728670337084], [0.9980430585922083, 5.930819078194679], [0.9980427324680713, 5.93090948605196], [0.9980424063388744, 5.930999893908932], [0.9980873894675265, 5.931045261111124], [0.9981776818616176, 5.931045587647741], [0.9982226650074852, 5.93109095484384], [0.9982223388975402, 5.931181362710208], [0.9982673220555636, 5.931226729907407], [0.9983576144891452, 5.931227056424639], [0.9984025976643837, 5.931272423615743], [0.9984022715736921, 5.93136283149151], [0.9984019454779416, 5.931453239366965], [0.9984016193771328, 5.931543647242107], [0.9984466025741561, 5.931589014439007], [0.9985368950765998, 5.931589340946874], [0.9985818782908387, 5.931634708137682], [0.9985815522092861, 5.931725116022221], [0.9985812261226741, 5.931815523906448], [0.9985809000310046, 5.931905931790363], [0.9985805739342765, 5.931996339673966], [0.9985802478324891, 5.932086747557255], [0.9986252310781455, 5.9321321147585575], [0.9987155236788311, 5.9321324412670755], [0.9987605069417034, 5.93217780846228], [0.9987601808591764, 5.932268216354965], [0.9988051641342087, 5.9323135835512675], [0.9988954567743868, 5.93231391004039], [0.9989404400666367, 5.932359277230596], [0.998940114003372, 5.932449685132675], [0.9989397879350486, 5.932540093034446], [0.9989394618616684, 5.932630500935902], [0.99893913578323, 5.932720908837047], [0.9989388096997354, 5.932811316737878], [0.998938483611182, 5.932901724638397], [0.9989381575175708, 5.932992132538605], [0.9989831408508772, 5.933037499743998], [0.9990734336186874, 5.933037826243784], [0.9991184169692122, 5.9330831934430766], [0.999118090894868, 5.933173601352679], [0.9991177648154667, 5.933264009261966], [0.9991174387310079, 5.933354417170943], [0.9991624221033294, 5.93339978437603], [0.9992527149400166, 5.933400110866434], [0.9992976983295576, 5.933445478065419], [0.9992973722643678, 5.9335358859837894], [0.9992970461941213, 5.933626293901846], [0.9992967201188181, 5.933716701819592], [0.9993417035301575, 5.933762069024372], [0.9994319964357259, 5.933762395505388], [0.9994769798642856, 5.933807762704065], [0.9994766538082547, 5.933898170631201], [0.9994763277471665, 5.933988578558026], [0.9994760016810226, 5.934078986484538], [0.9995209851313838, 5.934124353689007], [0.999611278105835, 5.934124680160634], [0.9996562615734178, 5.934170047359], [0.999655935526548, 5.934260455294902], [0.9997009190062963, 5.9343058224943634], [0.9997912120202453, 5.934306148946582], [0.9998815050392506, 5.934306475384087], [0.9999717980633117, 5.93430680180688], [1.0000167815800296, 5.934352168990532], [1.0000164555818238, 5.93444257694584], [1.000016129578563, 5.934532984900836], [1.0000158035702476, 5.934623392855519], [1.0000607871087726, 5.934668760044961], [1.0001510802017186, 5.934669086458356], [1.0001960637574647, 5.934714453641689], [1.000195737768429, 5.934804861605761], [1.0002407213363427, 5.934850228790188], [1.000331014468788, 5.934850555184169], [1.000375998053924, 5.9348959223624895], [1.0003756720841703, 5.934986330335951], [1.0003753461093612, 5.935076738309099], [1.0003750201294992, 5.935167146281933], [1.0003746941445826, 5.935257554254456], [1.0003743681546122, 5.935347962226666], [1.0004193517712003, 5.935393329415467], [1.0005096450019284, 5.9353936558100555], [1.0005546286357403, 5.935439022992747], [1.0005543026650547, 5.935529430974345], [1.000599286311036, 5.93557479815813], [1.0006895795812638, 5.935575124533298], [1.0007345632444689, 5.935620491710974], [1.000734237293071, 5.935710899701958], [1.0007339113366196, 5.9358013076926275], [1.0007335853751158, 5.935891715682985], [1.0007785690601352, 5.935937082866445], [1.000868862399259, 5.935937409232205], [1.0009591557434354, 5.935937735583245], [1.0010494490926645, 5.935938061919571], [1.0010944328146585, 5.935983429087208], [1.0010941069018404, 5.93607383709696], [1.0011390906360065, 5.9361192042656885], [1.0012293840247368, 5.936119530582588], [1.0012743677761269, 5.936164897745205], [1.0012740418826012, 5.93625530576434], [1.0013190256461644, 5.936300672928046], [1.0014093190743945, 5.936300999225519], [1.0014543028551819, 5.9363463663831135], [1.0014539769809507, 5.936436774411632], [1.0014536511016678, 5.9365271824398365], [1.0014533252173337, 5.936617590467729], [1.0014983090199427, 5.9366629576311025], [1.0015886025170724, 5.936663283919154], [1.0016335863369064, 5.936708651076415], [1.0016332604718694, 5.93679905911369], [1.0016329346017812, 5.9368894671506505], [1.001632608726642, 5.9369798751873], [1.0016322828464517, 5.937070283223636], [1.0016319569612104, 5.93716069125966], [1.0016769408125197, 5.93720605842739], [1.0017672344079531, 5.937206384716021], [1.0018575280084374, 5.937206710989932], [1.0019478216139714, 5.937207037249125], [1.0019928055022578, 5.937252404401022], [1.0019924796657202, 5.93734281245643], [1.0019921538241328, 5.9374332205115286], [1.0019918279774946, 5.937523628566311], [1.0019915021258068, 5.937614036620782], [1.0019911762690694, 5.937704444674941], [1.0019908504072808, 5.937794852728787], [1.001990524540443, 5.937885260782319], [1.0020355084698618, 5.937930627949374], [1.0021258022031114, 5.937930954219141], [1.0021707861497577, 5.937976321380078], [1.0021704603022261, 5.938066729442991], [1.0022154442610507, 5.938112096605013], [1.0023057380338063, 5.9381124228553395], [1.0023507220098593, 5.938157790011245], [1.0023503961816358, 5.938248198083535], [1.0023500703483625, 5.938338606155512], [1.0023497445100402, 5.938429014227178], [1.0023947285079267, 5.938474381388857], [1.002485022349596, 5.938474707629743], [1.0025300063647107, 5.938520074785303], [1.0025296805456994, 5.938610482866345], [1.0025746645729947, 5.9386558500229905], [1.0026649584541707, 5.938656176244433], [1.0027099424986945, 5.938701543394958], [1.0027096166989953, 5.938791951485375], [1.0027092908942483, 5.938882359575479], [1.0027089650844527, 5.9389727676652715], [1.0027086392696092, 5.939063175754749], [1.0027083134497163, 5.9391535838439165], [1.002753297525737, 5.9391989510049035], [1.002843591505241, 5.939199277226899], [1.0028885755984909, 5.9392446443817635], [1.0028882497979152, 5.9393350524803035], [1.0029332339033479, 5.939380419636253], [1.0030235279223605, 5.939380745838799], [1.0030685120450227, 5.9394261129886265], [1.003068186263765, 5.9395165210965395], [1.003113170398611, 5.93956188824745], [1.0032034644571315, 5.939562214430543], [1.0032484486092081, 5.939607581575331], [1.0032481228472696, 5.939697989692618], [1.0032931070115305, 5.939743356838488], [1.0033834011095597, 5.939743683002127], [1.0034283852910506, 5.939789050141873], [1.0034280595484342, 5.939879458268535], [1.003427733800771, 5.939969866394881], [1.0034274080480607, 5.940060274520917], [1.0034270822903038, 5.9401506826466415], [1.0034267565275012, 5.94024109077205], [1.0034717407405007, 5.94028645792225], [1.0035620349368721, 5.940286784086427], [1.0036070191671038, 5.940332151230501], [1.0036066934236259, 5.940422559365282], [1.0036516776660431, 5.940467926510439], [1.003741971901925, 5.940468252655156], [1.0037869561615744, 5.940513619794185], [1.0037866304374243, 5.9406040279383365], [1.0037863047082278, 5.940694436082175], [1.0037859789739862, 5.9407848442257025], [1.0037856532346985, 5.940875252368915], [1.003785327490365, 5.940965660511816], [1.0038303117815308, 5.941011027661295], [1.0039206061157635, 5.941011353806542], [1.003965590424163, 5.941056720949895], [1.0039652646991604, 5.9411471291021645], [1.0039199546510473, 5.941192170106086], [1.00387464459558, 5.941237211103747], [1.0039196289111216, 5.941282578255388], [1.00396461323402, 5.941327945405767], [1.0039642874938817, 5.941418353557099], [1.0040092718289684, 5.941463720708558], [1.0040542561714112, 5.941509087858756], [1.0040992405212101, 5.941554455007688], [1.0041442248783645, 5.941599822155361], [1.0041438991525158, 5.941690230315749], [1.0041435734216217, 5.941780638475825], [1.0041885577958005, 5.941826005626918], [1.0042335421773354, 5.94187137277675], [1.004278526566227, 5.941916739925317], [1.0043235109624753, 5.941962107072623], [1.0043231852458736, 5.942052515241753], [1.0043681696543127, 5.9420978823901365], [1.0044584641953591, 5.94209820850696], [1.0045034486210338, 5.942143575649213], [1.0045031229237704, 5.942233983827711], [1.0045481073616376, 5.942279350971041], [1.004638401942199, 5.942279677068392], [1.004683386397301, 5.942325044205592], [1.0046830607193782, 5.942415452393454], [1.0047280451866725, 5.94246081953173], [1.0048183398067492, 5.942461145609607], [1.0049086344318694, 5.94246147167275], [1.0049989290620314, 5.94246179772116], [1.0050439135663187, 5.942507164843567], [1.0050435879371686, 5.942597573050783], [1.0050885724536494, 5.942642940174265], [1.005178867123326, 5.9426432662031985], [1.0052238516570433, 5.942688633320548], [1.0052235260472375, 5.9427790415371256], [1.00522320043239, 5.942869449753394], [1.0052228748125, 5.942959857969347], [1.005267859368085, 5.943005225092453], [1.0053581541067076, 5.943005551111895], [1.0054484488503714, 5.943005877116603], [1.0055387435990768, 5.943006203106575], [1.005583728191655, 5.943051570213805], [1.005583402620545, 5.943141978449107], [1.0056283872253196, 5.943187345557412], [1.0057186820135386, 5.943187671527902], [1.0057636666355498, 5.943233038630069], [1.005763341083791, 5.943323446874733], [1.0057180308953042, 5.9433684880122355], [1.0056277360776515, 5.943368162031759], [1.0055824258769683, 5.943413203153139], [1.005582100285694, 5.943503611387192], [1.0056270849098194, 5.9435489785048565], [1.0057173797569052, 5.943549304495319], [1.0058076746090336, 5.943549630471043], [1.0058979694662011, 5.943549956432034], [1.0059429541273215, 5.943595323533819], [1.005942628584834, 5.943685731787216], [1.0059876132581522, 5.943731098890075], [1.0060779081548354, 5.943731424831577], [1.0061228928453911, 5.943776791928298], [1.0061225673222585, 5.943867200191052], [1.006167552025012, 5.943912567288847], [1.0062578469612107, 5.94391289321086], [1.006302831681202, 5.943958260302514], [1.0063025061774278, 5.944048668574627], [1.0063021806686125, 5.944139076846428], [1.0063018551547587, 5.944229485117915], [1.006346839896628, 5.944274852215319], [1.006437134901779, 5.944275178127825], [1.0064821196608873, 5.94432054521909], [1.0064817941663935, 5.944410953499934], [1.0065267789377004, 5.944456320592272], [1.0066170739823685, 5.944456646485282], [1.0066620587709156, 5.944502013571477], [1.006661733295783, 5.944592421861679], [1.0066164230173835, 5.944637463060691], [1.006526127943276, 5.944637137157699], [1.0064808176526763, 5.944682178340588], [1.006480492138027, 5.944772586620181], [1.0065254769286958, 5.944817953721875], [1.0066157720322437, 5.944818279634848], [1.0066607568401529, 5.944863646730401], [1.006660431344867, 5.944954055019347], [1.0066601058445415, 5.945044463307983], [1.0066597803391775, 5.945134871596307], [1.0067047651689713, 5.945180238697605], [1.0067950603414795, 5.945180564601063], [1.0068400451885129, 5.945225931696221], [1.0068397197025147, 5.945316339993898], [1.006884704561752, 5.945361707090126], [1.0069749997737787, 5.945362032974082], [1.0070652949908443, 5.945362358843299], [1.0071555902129465, 5.945362684697777], [1.007200575109183, 5.9454080517781085], [1.0072002496719967, 5.945498460095119], [1.0072452345804366, 5.945543827176522], [1.0073355298420577, 5.945544153011497], [1.0073805147677384, 5.945589520086752], [1.0073801893499235, 5.945679928413114], [1.0073348789917043, 5.945724969659231], [1.0072445837006385, 5.9457246438142795], [1.0071992733302164, 5.945769685044272], [1.0071989478728813, 5.945860093360029], [1.0072439328006921, 5.945905460450785], [1.0073342281212045, 5.9459057863057145], [1.0073792130662567, 5.945951153390324], [1.0073788876282945, 5.946041561715433], [1.0074238725855524, 5.946086928801112], [1.007514167945584, 5.946087254636534], [1.0075591529200831, 5.946132621716067], [1.007558827501495, 5.946223030050529], [1.0076038124882, 5.946268397131127], [1.0076941078877524, 5.946268722947043], [1.0077390928916996, 5.946314090021495], [1.0077387674924874, 5.946404498365306], [1.0077837525086413, 5.946449865440825], [1.0078740479477135, 5.94645019123723], [1.0079190329811094, 5.9464955583066015], [1.0079187076012759, 5.946585966659764], [1.007963692646878, 5.946631333730202], [1.008053988125471, 5.946631659507094], [1.0080989731883168, 5.946677026571384], [1.0080986478278622, 5.946767434933895], [1.008098322462373, 5.9468578432960895], [1.0080979970918493, 5.946948251657974], [1.0081429821765928, 5.946993618728006], [1.0082332777241576, 5.946993944495358], [1.0082782628261446, 5.947039311559237], [1.0082779374750033, 5.9471297199304685], [1.0083229225891994, 5.947175086995414], [1.008413218176285, 5.947175412743251], [1.0084582033077245, 5.947220779802047], [1.0084578779759674, 5.947311188182623], [1.0085028631196171, 5.947356555242483], [1.0085931587462247, 5.947356880970801], [1.0086381439071173, 5.94740224802451], [1.0086378185947453, 5.947492656414434], [1.008682803767849, 5.947538023469206], [1.0087730994339776, 5.9475383491780045], [1.008818084624326, 5.947583716226626], [1.0088177593313423, 5.947674124625894], [1.008817434033325, 5.947764533024849], [1.0088171087302749, 5.9478549414234925], [1.0088620939425281, 5.947900308477848], [1.0089523896776345, 5.947900634177094], [1.008997374907132, 5.947946001225298], [1.0089970496234733, 5.948036409633283], [1.0089967243347808, 5.948126818040958], [1.0089963990410558, 5.948217226448318], [1.0090413842924617, 5.948262593502256], [1.0091316800965486, 5.948262919191948], [1.0091766653652003, 5.9483082862397305], [1.0091763400908687, 5.948398694656434], [1.0092213253717333, 5.948444061705279], [1.0093116212153435, 5.948444387375442], [1.0093566065134538, 5.9484897544181345], [1.009356281258518, 5.948580162844179], [1.0094012665688425, 5.948625529887932], [1.0094915624519754, 5.948625855538566], [1.0095365477795462, 5.948671222576162], [1.0095362225440063, 5.948761631011548], [1.0095358973034354, 5.9488520394466216], [1.0095355720578332, 5.948942447881382], [1.0095805574073176, 5.9489878149247115], [1.0096708533594358, 5.94898814056578], [1.0097158387261667, 5.949033507602953], [1.0097155134999642, 5.949123916047053], [1.0097151882687303, 5.94921432449084], [1.0097148630324657, 5.949304732934314], [1.009759848421113, 5.949350099977215], [1.0098501444422192, 5.949350425608717], [1.009895129848114, 5.9493957926454595], [1.0098948046312517, 5.949486201098273], [1.0099397900493639, 5.949531568136076], [1.0100300861099953, 5.949531893748042], [1.0100750715453541, 5.949577260779686], [1.0100747463478965, 5.949667669241838], [1.0100744211454078, 5.9497580777036765], [1.0100740959378895, 5.949848486165203], [1.0101190813951701, 5.949893853202575], [1.0102093775247931, 5.949894178804965], [1.0102543629993206, 5.949939545836179], [1.0102540378112097, 5.950029954307041], [1.0102537126180688, 5.95012036277759], [1.0102533874198991, 5.950210771247828], [1.01029837291635, 5.950256138284768], [1.0103886691149668, 5.9502564638775794], [1.0104336546286672, 5.950301830908358], [1.0104333294499064, 5.9503922393879325], [1.0104330042661172, 5.950482647867191], [1.0104326790772973, 5.95057305634614], [1.0104323538834494, 5.950663464824774], [1.0104320286845716, 5.9507538733030945], [1.010431703480665, 5.9508442817811025], [1.0104313782717285, 5.950934690258797], [1.0104310530577634, 5.951025098736179], [1.0104307278387687, 5.951115507213246], [1.010430402614745, 5.951205915690003], [1.0104300773856925, 5.951296324166443], [1.0104297521516106, 5.951386732642572], [1.0104294269124987, 5.951477141118387], [1.0104744124966596, 5.951522508178233], [1.0105647089116372, 5.951522833811272], [1.0106096945130505, 5.951568200864952], [1.010609369293356, 5.951658609350104], [1.0106543549069917, 5.95170397640484], [1.0107446513615026, 5.951704302018329], [1.0107896369923908, 5.9517496690669], [1.0107893117921152, 5.951840077561386], [1.0108342974352273, 5.9518854446110145], [1.010924593929271, 5.951885770204951], [1.0109695795896354, 5.951931137248412], [1.0109692544087798, 5.952021545752233], [1.0109689292228965, 5.952111954255737], [1.0109686040319859, 5.952202362758933], [1.0110135897142862, 5.952247729808117], [1.0111038862773407, 5.952248055392459], [1.0111488719768944, 5.952293422435474], [1.0111485468054062, 5.952383830948], [1.0111482216288912, 5.952474239460215], [1.0111478964473486, 5.952564647972113], [1.0111928821688405, 5.952610015020851], [1.0112831788009085, 5.952610340595594], [1.0113281645396541, 5.952655707638165], [1.0113278393775376, 5.952746116159395], [1.0113275142103937, 5.952836524680315], [1.011327189038223, 5.952926933200919], [1.0113721747989093, 5.9529723002492085], [1.0114624714999934, 5.952972625814349], [1.0115074572779355, 5.953017992856471], [1.0115071321251934, 5.953108401386406], [1.0115068069674242, 5.95319880991603], [1.011506481804629, 5.953289218445339], [1.011551467604513, 5.953334585493178], [1.0116417643746174, 5.953334911048713], [1.0117320611497476, 5.953335236589487], [1.011822357929904, 5.953335562115501], [1.0118673437668115, 5.953380929147388], [1.011867018652932, 5.953471337695983], [1.011912004502069, 5.953516704728922], [1.0120023013217612, 5.9535170302353695], [1.012047287188154, 5.953562397262137], [1.0120469620937085, 5.95365280582006], [1.0120919479723303, 5.95369817284788], [1.0121822448315592, 5.953698498334759], [1.0122272307274376, 5.953743865356407], [1.0122269056524276, 5.953834273923657], [1.0122265805723936, 5.9539246824905945], [1.0122262554873342, 5.954015091057219], [1.0122712414051618, 5.954060458084581], [1.0123615383334135, 5.954060783561845], [1.0124065242684976, 5.954106150583033], [1.0124061992028774, 5.954196559158982], [1.0124511851501936, 5.954241926181221], [1.0125414821179823, 5.954242251638911], [1.012586468082554, 5.954287618654976], [1.0125861430363734, 5.954378027240252], [1.0125858179851694, 5.954468435825216], [1.012585492928942, 5.954558844409864], [1.0126304789154679, 5.954604211431642], [1.0127207759522834, 5.954604536879708], [1.0127657619560666, 5.95464990389531], [1.0127654369192818, 5.9547403124892835], [1.012810422935299, 5.954785679505935], [1.0129007200116524, 5.954786004934427], [1.0129457060449267, 5.954831371944899], [1.0129453810275877, 5.954921780548199], [1.012945056005225, 5.955012189151182], [1.0129447309778394, 5.955102597753853], [1.0129444059454307, 5.95519300635621], [1.0129440809079993, 5.955283414958256], [1.012989066972955, 5.9553287819791025], [1.0130793641478328, 5.955329107407912], [1.0131696613277335, 5.955329432821957], [1.0132599585126572, 5.955329758221235], [1.013304944614641, 5.955375125226113], [1.0133046196261526, 5.95546553384743], [1.0133496057403728, 5.955510900853357], [1.013439902964835, 5.955511226233051], [1.0134848890963135, 5.955556593232796], [1.013484564127277, 5.955647001863433], [1.0135295502709936, 5.955692368864226], [1.013619847534994, 5.955692694224338], [1.0136648336959686, 5.955738061218952], [1.0136645087463854, 5.955828469858908], [1.0136641837917806, 5.955918878498551], [1.0136638588321547, 5.956009287137881], [1.0136635338675068, 5.9560996957768975], [1.0136632088978383, 5.956190104415601], [1.0136628839231487, 5.95628051305399], [1.013662558943438, 5.9563709216920655], [1.0136622339587054, 5.956461330329829], [1.0136619089689518, 5.9565517389672795], [1.0136615839741767, 5.956642147604416], [1.013661258974381, 5.9567325562412385], [1.0136609339695635, 5.956822964877747], [1.013660608959725, 5.956913373513943], [1.0136152977157915, 5.956958415122593], [1.0135250002452962, 5.956958089692857], [1.0134796889891218, 5.9570031312853775], [1.0134793639397375, 5.957093539910999], [1.013479038885332, 5.957183948536307], [1.0134787138259047, 5.957274357161303], [1.013478388761455, 5.957364765785985], [1.013478063691984, 5.957455174410354], [1.013477738617491, 5.957545583034411], [1.0134774135379765, 5.957635991658151], [1.0134770884534399, 5.9577264002815795], [1.0134767633638828, 5.957816808904695], [1.0134764382693024, 5.957907217527496], [1.013476113169701, 5.957997626149982], [1.0135210994398973, 5.958042993211359], [1.0136113970874248, 5.958043318700778], [1.013656383374886, 5.958088685755968], [1.0136560582947494, 5.958179094387775], [1.0137010445944543, 5.958224461444012], [1.0137913422815326, 5.958224786913831], [1.0138363285985026, 5.958270153963883], [1.0138360035378322, 5.9583605626050105], [1.0138809898670462, 5.958405929656104], [1.0139712875936755, 5.9584062551063255], [1.0140162739401546, 5.958451622151234], [1.0140159488989535, 5.958542030801679], [1.014060935257678, 5.958587397847632], [1.0141512330238585, 5.958587723278249], [1.014196219399848, 5.958633090318017], [1.0141958943781169, 5.958723498977777], [1.014240880766352, 5.9587688660185885], [1.0143311785720834, 5.958769191429602], [1.0143761649775846, 5.9588145584642245], [1.0143758399753255, 5.958904967133302], [1.0144208263930727, 5.958950334168966], [1.0145111242383558, 5.958950659560374], [1.014556110673369, 5.958996026589852], [1.0145557856905836, 5.9590864352682456], [1.01455546070278, 5.9591768439463255], [1.0145551357099565, 5.95926725262409], [1.014600122166954, 5.9593126196592685], [1.0146904200813016, 5.959312945041009], [1.014735406555567, 5.959358312069996], [1.0147350815822203, 5.959448720757076], [1.014734756603855, 5.959539129443845], [1.0147344316204712, 5.959629538130298], [1.0147794181167227, 5.959674905164985], [1.014869716100139, 5.959675230537053], [1.0149147026136587, 5.959720597565551], [1.0149143776497542, 5.959811006261317], [1.0149140526808311, 5.9599014149567715], [1.01491372770689, 5.959991823651912], [1.014913402727931, 5.960082232346738], [1.0149130777439532, 5.960172641041251], [1.0149127527549573, 5.960263049735451], [1.0149124277609438, 5.960353458429336], [1.0149121027619117, 5.960443867122907], [1.0149117777578611, 5.960534275816166], [1.0148664661865672, 5.960579317457333], [1.0147761680555587, 5.960578992035559], [1.0147308564720146, 5.960624033660594], [1.014730531428406, 5.960714442343286], [1.014730206379779, 5.960804851025664], [1.0147298813261334, 5.960895259707725], [1.0147748678905726, 5.96094062677501], [1.014865166080625, 5.9609409522166645], [1.0149104776914766, 5.960895910586067], [1.0149108027156, 5.960805501894061], [1.0149561143091816, 5.960760460254562], [1.0150464124797485, 5.960760785656717], [1.0150913990714945, 5.960806152703342], [1.0150910740768935, 5.9608965614052885], [1.0150907490772745, 5.960986970106918], [1.015090424072637, 5.961077378808233], [1.0150451124517497, 5.9611224204533], [1.0149548142221378, 5.961122095031264], [1.014909502588997, 5.961167136660197], [1.0149091775448003, 5.9612575453509455], [1.0149088524955858, 5.961347954041382], [1.0149085274413527, 5.9614383627315055], [1.0149082023821017, 5.961528771421315], [1.0149078773178315, 5.96161918011081], [1.0149528639410268, 5.961664547186911], [1.0150431622592133, 5.961664872638765], [1.0150881488996804, 5.961710239708671], [1.0150878238549008, 5.961800648407478], [1.0151328105076223, 5.9618460154784225], [1.0152231088653718, 5.961846340910652], [1.0152684205556355, 5.961801299266971], [1.0152687455708884, 5.961710890558224], [1.0153140572438804, 5.961665848905639], [1.015404355582138, 5.96166617429837], [1.0154493422621664, 5.961711541348651], [1.01544901727644, 5.9618019500673345], [1.0154940039687241, 5.961847317118655], [1.0155843023465414, 5.961847642491757], [1.0156292890560972, 5.9618930095368805], [1.0156289640898655, 5.961983418264874], [1.0156286391186162, 5.9620738269925555], [1.0156283141423519, 5.962164235719922], [1.01567330087391, 5.962209602770739], [1.0157635993208176, 5.96220992813415], [1.0158085860696495, 5.962255295178766], [1.0158082611128803, 5.9623457039154415], [1.015853247873969, 5.962391070961098], [1.0159435463604376, 5.962391396304879], [1.0159885331387992, 5.962436763344336], [1.0159882082015288, 5.962527172090319], [1.0160331949921475, 5.962572539130811], [1.0161234935181782, 5.962572864454962], [1.0161684803260704, 5.962618231489254], [1.0161681554083009, 5.962708640244544], [1.0162131422284502, 5.962754007279875], [1.0163034407940426, 5.9627543325843915], [1.0163484276314656, 5.9627996996135195], [1.0163481027331978, 5.962890108378115], [1.0163930895828805, 5.962935475408281], [1.0164833881880344, 5.96293580069316], [1.0165283750549905, 5.962981167717124], [1.0165280501762266, 5.963071576491025], [1.016573037055442, 5.963116943516025], [1.0166633357001575, 5.963117268781266], [1.0167083225966467, 5.963162635800063], [1.016707997737388, 5.96325304458327], [1.016752984646138, 5.963298411603101], [1.0168432833304157, 5.963298736848704], [1.0169335820197072, 5.96329906207952], [1.017023880714011, 5.963299387295551], [1.0170688676598159, 5.96334475429936], [1.0170685428496, 5.963435163101799], [1.0170682180343718, 5.963525571903925], [1.0170678932141302, 5.963615980705739], [1.0171128801819505, 5.96366134771523], [1.017203178945352, 5.963661672921547], [1.017248165930447, 5.963707039924834], [1.0172478411297172, 5.96379744873595], [1.0172928281270734, 5.963842815740272], [1.0173831269300366, 5.9638431409269455], [1.0174281139446695, 5.963888507925059], [1.017427789163452, 5.963978916745475], [1.0174727761903475, 5.964024283744623], [1.0175630750328724, 5.964024608911649], [1.017608062077043, 5.96406997590459], [1.0176077373153403, 5.9641603847343045], [1.0175624254946984, 5.964205426566113], [1.0174721266226336, 5.964205101389161], [1.0174268147897283, 5.964250143204836], [1.0174264899884626, 5.9643405520239945], [1.0174261651821856, 5.964430960842841], [1.0174258403708962, 5.964521369661371], [1.0174708274270654, 5.9645667366744695], [1.017515814490619, 5.964612103686275], [1.0175154896840761, 5.964702512509143], [1.0175604767598947, 5.964747879521977], [1.017605463843099, 5.964793246533518], [1.017605139041304, 5.964883655360724], [1.0176501261367739, 5.964929022373296], [1.0177404251370255, 5.964929347560378], [1.0177854122497723, 5.964974714566743], [1.0177850874674974, 5.965065123403247], [1.0177397755577038, 5.965110165228421], [1.0176944636405247, 5.965155207047339], [1.0177394507605264, 5.9652005740619725], [1.0177844378879137, 5.9652459410753105], [1.017829425022688, 5.965291308087355], [1.0179197240920506, 5.965291633264708], [1.0179647112441024, 5.965337000270543], [1.0179643864713281, 5.965427409115717], [1.0180093736356466, 5.965472776122582], [1.0180996727445755, 5.965473101280281], [1.0181899718585143, 5.965473426423188], [1.0182802709774637, 5.965473751551304], [1.0183252581788438, 5.965519118542128], [1.0183249334551412, 5.965609527406523], [1.0183246087264277, 5.965699936270601], [1.0183242839927047, 5.965790345134368], [1.018369271216117, 5.965835712130871], [1.0184595704041794, 5.965836037249249], [1.0185045576448697, 5.965881404239542], [1.0185042329306748, 5.965971813112603], [1.018503908211471, 5.96606222198535], [1.0185035834872578, 5.966152630857783], [1.0185485707499833, 5.966197997853749], [1.0186388700071607, 5.966198322962389], [1.0186838572871657, 5.966243689952141], [1.0186835325824837, 5.96633409883387], [1.0186832078727925, 5.966424507715284], [1.018682883158092, 5.966514916596385], [1.0186825584383838, 5.966605325477171], [1.0186822337136656, 5.966695734357644], [1.0187272210254739, 5.966741101357717], [1.0188175203813217, 5.966741426466533], [1.018907819742178, 5.966741751560556], [1.018998119108044, 5.9667420766397825], [1.019043106456917, 5.966787443623811], [1.0190427817812868, 5.966877852523496], [1.0190424571006478, 5.966968261422868], [1.0190421324150012, 5.967058670321926], [1.0190871197859153, 5.967104037311625], [1.0191774192209029, 5.967104362381102], [1.019222406609098, 5.967149729364586], [1.0192220819429898, 5.967240138272935], [1.0192670693434591, 5.967285505257443], [1.019357368818016, 5.967285830307248], [1.0194023562357657, 5.9673311972855405], [1.0194020315891972, 5.967421606203181], [1.0194470190192215, 5.967466973182498], [1.0195373185333487, 5.96746729821263], [1.0195823059806546, 5.967512665185731], [1.0195819813536282, 5.9676030741126596], [1.0196269688132085, 5.967648441086784], [1.0197172683669047, 5.96764876609724], [1.0197622558437667, 5.967694133065147], [1.0197619312362851, 5.967784542001365], [1.0197616066237964, 5.96787495093727], [1.0197612820063018, 5.967965359872859], [1.0198062695052117, 5.968010726846433], [1.0198965691280364, 5.968011051847128], [1.0199415566442287, 5.968056418814483], [1.0199412320462808, 5.968146827759362], [1.0199862195747502, 5.968192194727739], [1.020076519237145, 5.9681925197087535], [1.020121506782897, 5.968237886670912], [1.020121182204497, 5.968328295625079], [1.0201661697625264, 5.968373662588258], [1.0202564694644927, 5.96837398754959], [1.020346769171464, 5.968374312496123], [1.02043706888344, 5.968374637427858], [1.0204820564785375, 5.968420004374976], [1.0204817319492487, 5.9685104133483415], [1.0205267195566237, 5.96855578029648], [1.0206170193081694, 5.968556105208532], [1.0206620069328285, 5.968601472150449], [1.0206616824230925, 5.968691881133098], [1.0206613579083528, 5.968782290115431], [1.0206610333886088, 5.968872699097453], [1.0207060210353236, 5.968918066045033], [1.0207963208560027, 5.968918390947308], [1.02084130852, 5.968963757888665], [1.020840984019812, 5.96905416687997], [1.020885971696091, 5.969099533822346], [1.02097627155634, 5.969099858704934], [1.0210665714215934, 5.969100183572717], [1.0211568712918486, 5.969100508425704], [1.0212018590051963, 5.969145875352012], [1.0212015345541305, 5.969236284362507], [1.0212012100980616, 5.9693266933726905], [1.021200885636991, 5.969417102382556], [1.0212458733723986, 5.969462469314524], [1.0213361733117903, 5.969462794157727], [1.0213811610644825, 5.9695081610834695], [1.0213808366229726, 5.969598570102617], [1.0214258243879473, 5.969643937029377], [1.0215161243669098, 5.969644261852885], [1.0215611121491694, 5.96968962877342], [1.021560787727222, 5.969780037801847], [1.021605775521764, 5.969825404723401], [1.021696075540297, 5.96982572952721], [1.0217410633521242, 5.969871096442537], [1.0217407389497424, 5.969961505480241], [1.0217857267738526, 5.970006872396586], [1.0218760268319573, 5.970007197180697], [1.0219210146733526, 5.970052564090813], [1.0219206902905367, 5.970142973137799], [1.0219656781442163, 5.97018834004893], [1.0220559782418923, 5.970188664813341], [1.0221462783445685, 5.970188989562951], [1.0222365784522454, 5.970189314297757], [1.0222815663429952, 5.97023468119281], [1.0222812420093181, 5.970325090258975], [1.022326229912353, 5.9703704571550436], [1.0224165300596002, 5.970370781870146], [1.0224615179799206, 5.970416148759986], [1.0224611936658146, 5.970506557835424], [1.0224608693467094, 5.97059696691055], [1.0224605450226047, 5.970687375985364], [1.0224602206935007, 5.970777785059862], [1.0224598963593967, 5.970868194134046], [1.0225048843115758, 5.970913561034174], [1.0225951845575383, 5.970913885749377], [1.0226401725270047, 5.970959252643274], [1.0226398482124752, 5.971049661726733], [1.0226395238929464, 5.971140070809876], [1.0226391995684192, 5.971230479892706], [1.022684187559961, 5.971275846792254], [1.02277448787507, 5.971276171497649], [1.0228194758838995, 5.971321538390966], [1.0228191515789495, 5.9714119474830705], [1.022818827269001, 5.9715023565748595], [1.0228185029540546, 5.971592765666334], [1.0228634909849608, 5.971638132565299], [1.0229537913692202, 5.971638457260885], [1.023044091758478, 5.971638781941664], [1.0231343921527334, 5.971639106607636], [1.0231793802207154, 5.971684473490512], [1.0231790559549256, 5.97177488260116], [1.023224044035198, 5.971820249485046], [1.0233143444690265, 5.9718205741313035], [1.0234046449078527, 5.971820898762754], [1.0234949453516764, 5.971821223379397], [1.023539933469021, 5.971866590247193], [1.0235396092523934, 5.971956999377008], [1.0235845973820303, 5.972002366245814], [1.0236748978654262, 5.97200269084274], [1.0237198860123502, 5.972048057705311], [1.023719561815308, 5.972138466844394], [1.0237192376132698, 5.972228875983163], [1.0237189134062354, 5.972319285121621], [1.0237185891942038, 5.9724096942597615], [1.0237182649771763, 5.972500103397589], [1.02376325315598, 5.972545470270438], [1.0238535537381102, 5.972545794867438], [1.0238985419342035, 5.972591161734049], [1.023898217736765, 5.9726815708811465], [1.0238978935343308, 5.972771980027927], [1.0238975693269001, 5.972862389174394], [1.023897245114474, 5.972952798320548], [1.023896920897051, 5.973043207466388], [1.0239419091250284, 5.973088574343277], [1.0240322098059, 5.973088898940342], [1.0240771980511685, 5.973134265810992], [1.0240768738533388, 5.973224674966098], [1.0241218621109012, 5.973270041837758], [1.024212162831349, 5.973270366415098], [1.0242571511062017, 5.973315733280516], [1.024256826927967, 5.9734061424448885], [1.0243018152151155, 5.973451509311317], [1.0243921159751395, 5.9734518338689275], [1.0244824167401583, 5.973452158411729], [1.0245727175101718, 5.973452482939717], [1.0246177058343982, 5.97349784979004], [1.0246173817053468, 5.973588258973569], [1.024617057571302, 5.973678668156784], [1.0246167334322624, 5.973769077339685], [1.024616409288229, 5.973859486522271], [1.024616085139201, 5.973949895704546], [1.0246610734953236, 5.973995262565139], [1.0247513743640881, 5.97399558709318], [1.0247963627375032, 5.974040953947531], [1.0247960386080766, 5.974131363139069], [1.0248410269937887, 5.974176729994427], [1.0249313279021313, 5.974177054502732], [1.0250216288154668, 5.974177378996225], [1.0251119297337954, 5.974177703474906], [1.0251569181565878, 5.974223070314151], [1.0251565940763552, 5.974313479524841], [1.0251562699911285, 5.974403888735214], [1.0251559459009099, 5.974494297945274], [1.0252009343458042, 5.974539664790157], [1.0252912353333004, 5.974539989258988], [1.0253362237954875, 5.974585356097628], [1.0253358997248752, 5.974675765316947], [1.0253808881993614, 5.974721132156589], [1.0254711892264357, 5.974721456605682], [1.0255161777182142, 5.97476682343908], [1.025515853667211, 5.974857232667661], [1.02556084217129, 5.974902599502062], [1.0256511432379416, 5.974902923931412], [1.025696131759314, 5.974948290759569], [1.025695807727921, 5.975038699997407], [1.0257407962615952, 5.975084066826567], [1.0258310973678233, 5.975084391236173], [1.02587608591879, 5.975129758059086], [1.025875761907009, 5.975220167306182], [1.0259207504702779, 5.975265534130099], [1.0260110516160843, 5.9752658585199585], [1.0260560401966463, 5.975311225337628], [1.0260557162044786, 5.9754016345939815], [1.0261007047973438, 5.975447001412651], [1.0261910059827273, 5.975447325782767], [1.0262359945928858, 5.975492692595189], [1.026235670620334, 5.9755831018607966], [1.0262353466427927, 5.975673511126091], [1.02623502266026, 5.975763920391072], [1.0262800112925308, 5.975809287209126], [1.0263703125470893, 5.975809611569372], [1.0264153011966544, 5.975854978381175], [1.0264149772337408, 5.975945387655411], [1.026414653265837, 5.976035796929334], [1.0264143292929442, 5.976126206202939], [1.026459317964623, 5.9761715730203715], [1.0265496192883607, 5.976171897370749], [1.0265946079773354, 5.97621726418193], [1.0265942840240636, 5.976307673464789], [1.0266392727253437, 5.9763530402769725], [1.0267295740886606, 5.976353364607597], [1.0267745628072353, 5.976398731413527], [1.0267742388735865, 5.97648914070564], [1.0268192276044685, 5.976534507512571], [1.0269095290073642, 5.976534831823439], [1.026954517755542, 5.976580198624116], [1.0269541938415179, 5.976670607925482], [1.0269538699225047, 5.976761017226533], [1.0269535459985042, 5.976851426527272], [1.0269985347688015, 5.976896793333574], [1.02708883624088, 5.9768971176345635], [1.0271338250284743, 5.9769424844346135], [1.0271335011241007, 5.977032893744603], [1.0271331772147394, 5.9771233030542765], [1.0271328533003898, 5.97721371236364], [1.0271778421101065, 5.977259079169313], [1.027268143651371, 5.97725940346042], [1.0273584451976239, 5.977259727736705], [1.0274487467488636, 5.977260051998171], [1.027493735595667, 5.977305418787708], [1.027493411730554, 5.977395828116197], [1.0274930878604538, 5.9774862374443725], [1.0274927639853666, 5.977576646772232], [1.0275377528542973, 5.977622013567393], [1.0276280544747245, 5.977622337818971], [1.027673043360951, 5.977667704607874], [1.0276727195054982, 5.977758113944983], [1.0277177084040363, 5.977803480734883], [1.0278080100640452, 5.977803804966693], [1.0278529989798808, 5.9778491717503375], [1.027852675144063, 5.9779395810966935], [1.0278976640722102, 5.977984947881334], [1.0279879657718003, 5.977985272093376], [1.0280329547172455, 5.978030638871759], [1.0280326309010654, 5.9781210482273615], [1.0280776198588213, 5.97816641500674], [1.028167921597993, 5.97816673919901], [1.0282129105730482, 5.978212105972131], [1.0282125867765084, 5.9783025153369795], [1.0282122629749821, 5.978392924701516], [1.0282119391684712, 5.978483334065736], [1.0282569281656593, 5.978528700844473], [1.0283472299740242, 5.9785290250268455], [1.0283922189885113, 5.978574391799323], [1.0283918952016418, 5.97866480117279], [1.028436884228443, 5.978710167946262], [1.0285271860763905, 5.978710492108857], [1.0285721751204904, 5.978755858876069], [1.0285718513532651, 5.9788462682587795], [1.0286168404096796, 5.9788916350269865], [1.0287071422972098, 5.978891959169806], [1.0287521313709234, 5.978937325931748], [1.0287518076233442, 5.979027735323702], [1.028751483870781, 5.979118144715341], [1.028751160113234, 5.979208554106665], [1.0287961492090865, 5.979253920874227], [1.0288864511658145, 5.979254245007137], [1.0289314402789669, 5.979299611768433], [1.0289311165410682, 5.979390021168999], [1.0289761056665372, 5.979435387931289], [1.0290664076628493, 5.9794357120444195], [1.0291113968056178, 5.979481078800445], [1.0291110730873696, 5.9795714882102535], [1.029156062242456, 5.979616854967272], [1.0292463642783516, 5.979617179060617], [1.029291353450738, 5.979662545811373], [1.0292910297521412, 5.9797529552304205], [1.0292907060485625, 5.979843364649154], [1.0292903823400015, 5.979933774067574], [1.0293353715345324, 5.979979140823939], [1.0294256736396297, 5.97997946490737], [1.0294706628514627, 5.980024831657469], [1.0294703391625561, 5.98011524108513], [1.029470015468667, 5.980205650512474], [1.0294696917697963, 5.980296059939504], [1.0295146810037756, 5.980341426695216], [1.0296049831780794, 5.980341750768725], [1.0296499724293613, 5.980387117518168], [1.0296496487501474, 5.980477526954438], [1.0296493250659522, 5.9805679363903925], [1.0296490013767754, 5.980658345826033], [1.0296939906502063, 5.9807037125810885], [1.0297842928937178, 5.980704036644671], [1.0298292821844521, 5.9807494033934585], [1.0298289585149352, 5.980839812838337], [1.0298739478179901, 5.980885179588113], [1.0299642501010888, 5.980885503631902], [1.0300092394214464, 5.9809308703754125], [1.0300089157715913, 5.981021279829525], [1.0300085921167563, 5.981111689283326], [1.0300082684569396, 5.981202098736811], [1.030053257799452, 5.981247465485928], [1.030143560151763, 5.981247789519785], [1.0301885495115768, 5.981293156262634], [1.0301882258714252, 5.981383565725354], [1.0301879022262932, 5.981473975187761], [1.0301875785761814, 5.981564384649853], [1.030232567958153, 5.981609751398307], [1.0303228703796783, 5.981610075422232], [1.0303678597789536, 5.9816554421644135], [1.0303675361485092, 5.981745851635739], [1.0303672125130838, 5.981836261106754], [1.0303668888726796, 5.981926670577452], [1.0304118782941136, 5.981972037325239], [1.0305021807848564, 5.981972361339225], [1.0305471702235958, 5.98201772808074], [1.030546846602861, 5.982108137560675], [1.0305918360539255, 5.982153504303176], [1.030682138584258, 5.982153828297358], [1.0307271280526282, 5.982199195033589], [1.030726804451566, 5.982289604522755], [1.0307717939322611, 5.982334971259971], [1.030862096502183, 5.982335295234349], [1.0309070860001843, 5.9823806619652915], [1.0309067624187958, 5.9824710714636895], [1.0309517519291231, 5.98251643819562], [1.0310420545386345, 5.98251676215019], [1.0310870440662676, 5.982562128875844], [1.0310867205045549, 5.982652538383474], [1.0310863969378636, 5.982742947890788], [1.0310860733661946, 5.982833357397787], [1.0311310629159938, 5.982878724129044], [1.0312213655947284, 5.982879048073664], [1.0313116682784418, 5.982879372003451], [1.0314019709671325, 5.982879695918402], [1.0314469605540333, 5.982925062633477], [1.031446637031677, 5.983015472159565], [1.0314916266309064, 5.983060838875622], [1.0315819293591857, 5.983061162770762], [1.031626918975721, 5.983106529480545], [1.0316265954730464, 5.983196939015862], [1.031626271965395, 5.9832873485508635], [1.0316259484527663, 5.9833777580855525], [1.0316709380914735, 5.983423124800932], [1.03176124088898, 5.983423448686114], [1.0318062305449927, 5.983468815395217], [1.0318059070520478, 5.983559224939132], [1.031850896720393, 5.983604591649217], [1.0319411995574894, 5.983604915514581], [1.0319861892431412, 5.983650282218388], [1.0319858657698817, 5.98374069177153], [1.0319855422916473, 5.983831101324358], [1.0319852188084366, 5.983921510876873], [1.0320302085162625, 5.983966877586274], [1.0321205114225898, 5.983967201441674], [1.0321655011477238, 5.984012568144796], [1.0321651776842018, 5.984102977706536], [1.0321648542157038, 5.98419338726796], [1.032164530742231, 5.984283796829071], [1.032209520489542, 5.984329163537788], [1.032299823465102, 5.984329487383221], [1.0323448132297222, 5.984374854085657], [1.0323444897759408, 5.9844652636559905], [1.032389479552894, 5.984510630359409], [1.032479782568047, 5.9845109541850166], [1.0325247723623092, 5.984556320882153], [1.0325244489282197, 5.984646730461712], [1.0325241254891568, 5.984737140040956], [1.0325238020451177, 5.984827549619886], [1.0325687918615623, 5.9848729163226135], [1.0326590949459518, 5.984873240138248], [1.0327040847797053, 5.984918606834693], [1.0327037613553625, 5.985009016422846], [1.0327487512014524, 5.985054383120271], [1.0328390543254344, 5.985054706916077], [1.0328840441888332, 5.985100073607219], [1.0328837207841883, 5.985190483204593], [1.0328833973745695, 5.9852808928016525], [1.0328830739599775, 5.9853713023983985], [1.0329280638455622, 5.985416669095132], [1.033018367038785, 5.985416992880956], [1.0330633569416803, 5.985462359571403], [1.0330630335467874, 5.985552769177369], [1.03310802346202, 5.9855981358687975], [1.0331983266948377, 5.9855984596347875], [1.0332433166273807, 5.985643826319928], [1.0332429932521905, 5.985734235935117], [1.0332879831970718, 5.985779602621234], [1.0333782864694836, 5.985779926367391], [1.0334232764316755, 5.985825293047223], [1.0334229530761891, 5.9859157026716305], [1.0334226297157307, 5.986006112295722], [1.0334223063502994, 5.986096521919498], [1.0334672963346831, 5.9861418886049185], [1.0335575996763398, 5.9861422123410835], [1.0336025896780354, 5.986187579020216], [1.0336022663323108, 5.986277988653212], [1.0336019429816143, 5.986368398285895], [1.0336016196259459, 5.986458807918258], [1.0336466096498345, 5.9865041746029775], [1.0337369130607397, 5.986504498329151], [1.0337819031019417, 5.986549865007581], [1.0337815797659822, 5.986640274649163], [1.0338265698195244, 5.986685641328569], [1.033916873270026, 5.986685965034901], [1.0339618633408811, 5.986731331708019], [1.0339615400246331, 5.986821741358819], [1.0340065301078296, 5.986867108032909], [1.0340968335979277, 5.986867431719397], [1.0341418236984368, 5.9869127983872], [1.0341415004019021, 5.9870032080472155], [1.034186490514754, 5.987048574715994], [1.0342767940444482, 5.987048898382634], [1.0343217841746122, 5.98709426504512], [1.0343214608977924, 5.98718467471435], [1.0343664510403008, 5.987230041377812], [1.034456754609591, 5.987230365024606], [1.0345017447694127, 5.987275731681774], [1.0345014215123087, 5.987366141360219], [1.0345010982502356, 5.987456551038347], [1.034500774983193, 5.9875469607161635], [1.0345457651652168, 5.987592327378914], [1.0346360688037621, 5.9875926510156985], [1.0346810590031, 5.987638017672157], [1.0346807357557766, 5.987728427359183], [1.0347257259674592, 5.987773794016615], [1.034816029645602, 5.987774117633547], [1.034861019874599, 5.987819484284685], [1.0348606966469964, 5.987909893980923], [1.0349056868883393, 5.987955260633033], [1.0349959906060793, 5.987955584230112], [1.035040980864736, 5.988000950875928], [1.035040657656857, 5.988091360581378], [1.0350403344440091, 5.988181770286514], [1.0350400112261935, 5.988272179991337], [1.0350850015070592, 5.988317546642729], [1.0351753052940584, 5.98831787022979], [1.0352202955922385, 5.988363236874888], [1.0352199723941482, 5.98845364658892], [1.0352649627046766, 5.988499013234987], [1.0353552665312746, 5.988499336802191], [1.035400256859118, 5.988544703441963], [1.035399933680756, 5.988635113165206], [1.035399610497425, 5.988725522888131], [1.0353992873091273, 5.988815932610743], [1.035444277659184, 5.988861299256088], [1.0355345815550445, 5.988861622813269], [1.0355795719224168, 5.988906989452319], [1.0355792487538495, 5.988997399184141], [1.0355789255803143, 5.989087808915645], [1.035578602401813, 5.9891782186468365], [1.035578279218344, 5.989268628377713], [1.0355779560299079, 5.989359038108272], [1.035622946429362, 5.989404404757502], [1.035713250424156, 5.989404728314492], [1.0358035544239177, 5.989405051856632], [1.035893858428645, 5.98940537538392], [1.035938848865216, 5.989450742016917], [1.0359385257261817, 5.98954115176652], [1.035983516175105, 5.989586518400484], [1.036073820219433, 5.989586841907905], [1.0361188106856725, 5.9896322085355695], [1.0361184875663756, 5.989722618294381], [1.0361634780449671, 5.989767984923012], [1.0362537821288955, 5.9897683084105635], [1.0362987726248045, 5.989813675032895], [1.036298449525246, 5.989904084800908], [1.0362981264207223, 5.989994494568609], [1.0362978033112327, 5.990084904335994], [1.0362974801967781, 5.990175314103066], [1.036297157077358, 5.990265723869822], [1.0363421476053596, 5.990311090502324], [1.0364324517882313, 5.99031141398967], [1.0364774423335525, 5.990356780615872], [1.0364771192338744, 5.990447190391831], [1.036476796129232, 5.990537600167476], [1.036476473019624, 5.990628009942806], [1.0365214635871705, 5.990673376574576], [1.0366117678393187, 5.99067370005188], [1.0367020720964315, 5.9906740235143285], [1.0367923763585092, 5.990674346961923], [1.0368373669631763, 5.990719713577447], [1.0368370439029877, 5.990810123371815], [1.036882034520011, 5.990855489988306], [1.0369723388216898, 5.990855813416022], [1.0370173294560316, 5.99090118002621], [1.037017006415592, 5.990991589829775], [1.0370166833701877, 5.9910819996330265], [1.03701636031982, 5.991172409435962], [1.0370613509763924, 5.991217776051716], [1.0371516553473512, 5.99121809946938], [1.0371969690468983, 5.991173056266377], [1.0371972920675896, 5.991082646453612], [1.0372426057498167, 5.991037603241744], [1.0373329101010256, 5.991037926619868], [1.0373779007848438, 5.991083293214775], [1.0373775777938297, 5.991173703037368], [1.0373322641041571, 5.991218746260142], [1.0372419597232727, 5.99121842287219], [1.0371966460212438, 5.991263466078827], [1.037196322990627, 5.991353875890963], [1.0372413136768759, 5.991399242501376], [1.0373316180874386, 5.991399565899156], [1.037376608791009, 5.991444932503263], [1.037376285780144, 5.991535342324599], [1.0374212764960726, 5.991580708929667], [1.0375115809462383, 5.991581032307564], [1.0375565716794863, 5.991626398906326], [1.0375562486883751, 5.99171680873686], [1.0375559256923017, 5.991807218567078], [1.0375556026912658, 5.9918976283969805], [1.037600593446751, 5.991942995001304], [1.0376908979662005, 5.991943318369142], [1.037735888739007, 5.991988684967159], [1.0377355657577279, 5.99207909480626], [1.0377352427714868, 5.9921695046450445], [1.0377349197802843, 5.992259914483517], [1.037689605991555, 5.9923049577144605], [1.0375993014127425, 5.99230463432697], [1.0375089968388922, 5.99230431092462], [1.0374186922700044, 5.992303987507412], [1.0373733784590358, 5.992349030702448], [1.0374183692194139, 5.992394397328214], [1.0374633599872132, 5.992439763952643], [1.0375083507624323, 5.992485130575737], [1.0375986553659664, 5.992485453987914], [1.0376889599744608, 5.992485777385232], [1.0377339507769057, 5.992531143997042], [1.0377336277658558, 5.992621553834254], [1.0377333047498443, 5.992711963671152], [1.0377329817288707, 5.992802373507734], [1.0377779725535563, 5.992847740125106], [1.0378229633856642, 5.992893106741141], [1.03782264036961, 5.992983516582007], [1.037867631214079, 5.9930288831990035], [1.0379129450721423, 5.992983839969197], [1.0379132680733532, 5.992893430123419], [1.037958581914093, 5.992848386884749], [1.038048886601803, 5.992848710242281], [1.0380938774636164, 5.992894076843395], [1.0380935544920908, 5.992984486698998], [1.0381385453662662, 5.993029853301072], [1.038228850093584, 5.993030176638709], [1.0382738409850825, 5.993075543234472], [1.0382735180333214, 5.993165953099269], [1.0382731950766002, 5.993256362963753], [1.0382728721149186, 5.993346772827923], [1.0382275582370122, 5.993391816086819], [1.0381372534503204, 5.993391492729534], [1.0380919395600492, 5.993436535972296], [1.0381369304589314, 5.993481902585863], [1.0381819213652361, 5.993527269198095], [1.0382269122789625, 5.993572635808986], [1.038271903200111, 5.993618002418541], [1.0382715802185876, 5.993708412281451], [1.038316571152101, 5.993753778891964], [1.0384068760080916, 5.993754102239172], [1.0384521899157229, 5.993709058970955], [1.0384525128675572, 5.993618649098221], [1.038497826757865, 5.993573605821141], [1.0385881315940864, 5.993573929128802], [1.038678436435267, 5.993574252421602], [1.0387687412814066, 5.993574575699539], [1.0388137322619688, 5.993619942279241], [1.0388134093695136, 5.99371035217162], [1.0388584003624397, 5.993755718752278], [1.0389487052481874, 5.993756042010314], [1.0389936962584385, 5.993801408584659], [1.0389933733857553, 5.993891818486228], [1.0390383644083723, 5.993937185061531], [1.0391286693337274, 5.99393750829966], [1.039173660373669, 5.993982874868648], [1.0391733375207595, 5.994073284779407], [1.0391730146628924, 5.99416369468985], [1.0391726918000663, 5.994254104599979], [1.0392176828622621, 5.994299471174519], [1.0393079878569174, 5.99429979440256], [1.0393529789364386, 5.9943451609707825], [1.0393526560933892, 5.994435570890102], [1.0393523332453825, 5.9945259808091045], [1.0393520103924176, 5.99461639072779], [1.039397001494196, 5.994661757301566], [1.0394873065581536, 5.994662080519516], [1.0395322976772583, 5.994707447086973], [1.0395319748440726, 5.994797857014849], [1.0395769659755456, 5.994843223583261], [1.0396672710791122, 5.9948435467813], [1.0397122622279114, 5.994888913343394], [1.0397119394145076, 5.9949793232804565], [1.039756930575676, 5.995024689843506], [1.0398472357188526, 5.995025013021631], [1.0398922268973476, 5.995070379578361], [1.0398919041037264, 5.9951607895246095], [1.0399368952945929, 5.995206156082295], [1.0400272004773785, 5.995206479240505], [1.04007219168557, 5.995251845791869], [1.040071868911734, 5.995342255747302], [1.040026554914857, 5.995387299146466], [1.0399362497023734, 5.995386975978442], [1.0398912585016153, 5.995341609416164], [1.0398915813051492, 5.995251199470544], [1.039846590116762, 5.995205832909221], [1.0397562849438888, 5.995205509721281], [1.039711293772829, 5.995160143153637], [1.0397116165961462, 5.995069733217204], [1.0396666254374562, 5.995024366650516], [1.0395763203041932, 5.995024043442661], [1.03953132916283, 5.994978676869654], [1.0395316520059297, 5.99488826694241], [1.0394866608769349, 5.994842900370359], [1.039396355783283, 5.99484257714259], [1.0393513646716153, 5.994797210564221], [1.0393516875344952, 5.994706800646164], [1.0393066964351958, 5.99466143406875], [1.0392163913811543, 5.99466111082107], [1.0391260863320697, 5.994660787558527], [1.0390357812879447, 5.994660464281117], [1.038990467308466, 5.9947055075861675], [1.038990144386196, 5.994795917484587], [1.0390351354582519, 5.994841284082867], [1.0391254405320727, 5.994841607370095], [1.0391704316214554, 5.994886973962058], [1.0391701087189644, 5.994977383869666], [1.0392150998207164, 5.995022750462586], [1.039305404934149, 5.995023073729903], [1.039350396053228, 5.995068440316505], [1.0393953871797306, 5.995113806901765], [1.0394403783136583, 5.995159173485684], [1.0393950643019652, 5.995204216820859], [1.0393047591538775, 5.99520389355859], [1.0392144540107482, 5.995203570281453], [1.0391694628991062, 5.995158203683938], [1.0391697858115143, 5.99506779377696], [1.039124794712241, 5.995022427180403], [1.0390794806980952, 5.99506747048489], [1.0390791577708387, 5.995157880386957], [1.0390788348386237, 5.995248290288713], [1.0391238259453073, 5.995293656893502], [1.0391688170594153, 5.9953390234969515], [1.0392138081809483, 5.995384390099059], [1.0392587993099054, 5.995429756699829], [1.0392584763925137, 5.995520166610458], [1.0392581534701635, 5.99561057652077], [1.039303144616437, 5.995655943124794], [1.039348135770135, 5.995701309727475], [1.0393931269312577, 5.995746676328816], [1.0394381180998054, 5.995792042928813], [1.0394831092757784, 5.995837409527473], [1.039528100459177, 5.99588277612479], [1.0395730916500001, 5.995928142720767], [1.0396180828482484, 5.9959735093154], [1.0396630740539219, 5.996018875908693], [1.039708065267021, 5.996064242500646], [1.0397530564875457, 5.996109609091256], [1.0397980477154953, 5.996154975680525], [1.0398430389508708, 5.99620034226845], [1.0398880301936717, 5.996245708855035], [1.0399330214438989, 5.996291075440277], [1.0399780127015505, 5.996336442024179], [1.0400230039666283, 5.996381808606736], [1.0400683180724402, 5.996336765236298], [1.0401136321708266, 5.996291721859611], [1.0402039375417242, 5.996292045046973], [1.0402489288290875, 5.996337411615933], [1.0402486060254827, 5.996427821577401], [1.0402032919196633, 5.996472864965006], [1.040157977806417, 5.996517908346359], [1.0402029691011987, 5.996563274923549], [1.0402479604034056, 5.996608641499396], [1.0402929517130397, 5.996654008073898], [1.0403379430300992, 5.996699374647061], [1.0403829343545847, 5.996744741218879], [1.0404279256864977, 5.996790107789355], [1.040472917025835, 5.9968354743584875], [1.0405179083726004, 5.996880840926277], [1.040517585583821, 5.996971250900576], [1.040562576942961, 5.997016617469319], [1.0406078910884091, 5.996971574057828], [1.040608213862336, 5.996881164078622], [1.0406085366313078, 5.996790754099101], [1.040608859395325, 5.996700344119265], [1.0406541735036354, 5.996655300693693], [1.040744478963672, 5.996655623811466], [1.040834784428662, 5.9966559469143705], [1.0409250898986067, 5.996656270002405], [1.0409700812849905, 5.996701636540694], [1.040969758580383, 5.996792046540152], [1.0410147499791433, 5.996837413079392], [1.0411050554886996, 5.996837736147498], [1.0411500469047892, 5.996883102680411], [1.0411497242199808, 5.996973512689049], [1.0411947156484465, 5.997018879222914], [1.0412850211976155, 5.997019202271089], [1.0413300126434109, 5.997064568798625], [1.0413296899784021, 5.997154978816444], [1.041329367308441, 5.997245388833947], [1.0413290446335268, 5.997335798851134], [1.0413740361016004, 5.99738116538421], [1.0414643417200904, 5.997381488422261], [1.041509333205494, 5.997426854949009], [1.0415090105503833, 5.997517264975375], [1.0415540020481653, 5.997562631503073], [1.0416443077062687, 5.997562954521185], [1.041689299221382, 5.997608321042556], [1.0416889765860757, 5.997698731078098], [1.041733968113567, 5.997744097600417], [1.0418242738112844, 5.997744420598593], [1.0418692653561072, 5.997789787114582], [1.0418689427406078, 5.9978801971593], [1.0418686201201564, 5.997970607203706], [1.0418682974947535, 5.998061017247794], [1.04191328906186, 5.998106383769319], [1.0420035948289021, 5.998106706757361], [1.0420485864133404, 5.998152073272555], [1.0420482638077475, 5.998242483325819], [1.0420932554045657, 5.998287849841962], [1.042183561211223, 5.998288172810062], [1.0422285528253739, 5.998333539319872], [1.0422282302395915, 5.99842394938231], [1.0422732218661235, 5.998469315893068], [1.0423635277123953, 5.998469638841224], [1.0424085193562593, 5.998515005345649], [1.04240819679029, 5.998605415417261], [1.0424078742193712, 5.998695825488559], [1.042407551643502, 5.998786235559543], [1.0424525433096559, 5.998831602069499], [1.0425428492252569, 5.998831925007513], [1.0425878409087428, 5.998877291511136], [1.0425875183526896, 5.998967701591293], [1.0426325100485596, 5.999013068095862], [1.0427228160037765, 5.999013391013927], [1.0427678077169786, 5.999058757512162], [1.0427674851807431, 5.99914916760149], [1.0427221709164458, 5.999194211187681], [1.0426318649315118, 5.999193888259813], [1.04258655065483, 5.999238931829866], [1.0425862280789777, 5.99932934190876], [1.0426312197946659, 5.999374708422504], [1.042721525809318, 5.999375031360174], [1.0428118318289195, 5.999375354282964], [1.0429021378534709, 5.999375677190881], [1.042947129606301, 5.999421043688311], [1.0429468070799863, 5.999511453786179], [1.0429917988452018, 5.999556820284555], [1.043082104909369, 5.999557143172518], [1.0431270966919186, 5.999602509664557], [1.043126774185426, 5.999692919771595], [1.04317176598036, 5.999738286264578], [1.043262072084145, 5.999738609132586], [1.043307063896414, 5.999783975619232], [1.043306741409746, 5.999874385735438], [1.0433517332344013, 5.999919752223028], [1.0434420393778017, 5.99992007507108], [1.0434870312197924, 5.999965441552332], [1.0434867087529498, 6.000055851677705], [1.0435317006073268, 6.000101218159902], [1.0436220067903446, 6.000101540987995], [1.0436669986620564, 6.000146907463851], [1.0436666762150413, 6.000237317598393], [1.0437116680991412, 6.000282684075191], [1.043801974321776, 6.000283006883323], [1.04384696622321, 6.000328373353783], [1.0438466437960245, 6.000418783497492], [1.0438916357098478, 6.000464149968891], [1.0439819419720986, 6.000464472757063], [1.0440269339032566, 6.000509839222124], [1.0440266114959031, 6.000600249374997], [1.0440716034394502, 6.000645615840998], [1.0441619097413184, 6.000645938609205], [1.0442069017022007, 6.000691305068866], [1.04420657931468, 6.000781715230905], [1.0442062569222126, 6.000872125392626], [1.0442059345247998, 6.000962535554034], [1.0442509265079907, 6.00100790201922], [1.0443412328792014, 6.001008224777253], [1.0443862248797278, 6.0010535912360945], [1.0443859025021514, 6.001144001406664], [1.0444308945150687, 6.001189367866446], [1.044521200925897, 6.001189690604513], [1.0445661929561514, 6.001235057057952], [1.044565870598412, 6.0013254672376855], [1.0445655482357283, 6.001415877417103], [1.044565225868099, 6.001506287596206], [1.0446102179206636, 6.001551654055166], [1.0447005244008398, 6.001551976783053], [1.0447455164707422, 6.001597343235669], [1.0447451941229533, 6.0016877534239335], [1.0447901862052478, 6.001733119877487], [1.0448804927250432, 6.001733442585403], [1.0449254848246754, 6.001778809032611], [1.044925162496729, 6.001869219230036], [1.0448798480542847, 6.001914262975359], [1.0447895415047583, 6.001913940257651], [1.0447445494125436, 6.001868573799518], [1.0447448717702208, 6.001778163611884], [1.0446998796903972, 6.00173279715469], [1.0446095731804912, 6.0017324744170075], [1.0445645811180064, 6.001687107953468], [1.0445649034955253, 6.001596697774994], [1.0445199114454324, 6.0015513313123945], [1.0444296049751458, 6.001551008554741], [1.0443846129423902, 6.001505642085797], [1.0443849353397487, 6.0014152319164875], [1.0443399433193854, 6.001369865448483], [1.0442496368887189, 6.001369542670861], [1.0442043224635502, 6.001414586356345], [1.044204000036463, 6.001504996515861], [1.04420367760443, 6.0015954066750625], [1.0442033551674512, 6.001685816833947], [1.0442483471903166, 6.0017311833174585], [1.0442933392206133, 6.00177654979962], [1.0442480247533517, 6.001821593478322], [1.0442027102786566, 6.001866637150775], [1.0442477023114414, 6.001912003638868], [1.0443380088312981, 6.001912326445872], [1.0443830008814203, 6.001957692927621], [1.04438267845439, 6.00204810309504], [1.044382356022415, 6.002138513262144], [1.0443820335854943, 6.002228923428933]]}}]}