{"type": "FeatureCollection", "features": [{"type": "Feature", "properties": {"period": "late", "scenes": ["S2B_31NBG_20241218_0_L2A (2024-12-18)", "S2C_31NBG_20250122_0_L2A (2025-01-22)", "S2B_31NBG_20240909_0_L2A (2024-09-09)", "S2B_31NBG_20250127_0_L2A (2025-01-27)", "S2A_31NBG_20241223_0_L2A (2024-12-23)", "S2C_31NBG_20250512_0_L2A (2025-05-12)"], "method": "median-NDWI waterline, Sentinel-2 L2A 10 m, cloud/shadow masked (SCL), >=3 valid obs", "label": "PUBLIC-OPEN DATA"}, "geometry": {"type": "LineString", "coordinates": [[0.9881925514391517, 5.858004440562588], [0.9881922277626547, 5.858094848107161], [0.9881919040810752, 5.858185255651423], [0.9881915803944135, 5.8582756631953785], [0.9882365585937389, 5.8583210290397885], [0.9882815368003157, 5.858366394883007], [0.9882812131179914, 5.85845680243138], [0.9883261913365295, 5.8585021682757725], [0.9883711695623184, 5.8585475341189746], [0.9883708458843337, 5.858637941671766], [0.988370522201268, 5.858728349224249], [0.9883701985131202, 5.858818756776423], [0.988415176760292, 5.858864122625526], [0.9884601550147154, 5.858909488473438], [0.9884598313309079, 5.85899989603003], [0.9885048095972937, 5.859045261879115], [0.9885497878709317, 5.859090627727009], [0.9885494641914652, 5.859181035288019], [0.9885491405069182, 5.859271442848718], [0.9885488168172899, 5.859361850409112], [0.9885484931225798, 5.859452257969196], [0.9885481694227888, 5.85954266552897], [0.9885931477272367, 5.859588031387489], [0.9886834280435455, 5.859588355534091], [0.9887284063650393, 5.859633721386673], [0.9887280826840966, 5.8597241289559], [0.9887277589980734, 5.8598145365248175], [0.9887274353069686, 5.859904944093427], [0.9887724136498519, 5.859950309951907], [0.9888626940343439, 5.859950634089596], [0.9889076723942738, 5.8599959999421385], [0.9889073487220205, 5.860086407520198], [0.988907025044687, 5.86017681509795], [0.9889067013622737, 5.860267222675392], [0.9889063776747791, 5.860357630252527], [0.9889060539822048, 5.86044803782935], [0.9889510323729531, 5.860493403692515], [0.9890413128546456, 5.860493727831353], [0.9890862912624421, 5.86053909368858], [0.9890859675887221, 5.860629501274855], [0.9890856439099227, 5.860719908860823], [0.9890853202260425, 5.86081031644648], [0.9890849965370833, 5.860900724031827], [0.9890846728430442, 5.860991131616869], [0.9891296512816647, 5.861036497484713], [0.9892199318605644, 5.861036821624698], [0.9892649103162331, 5.861082187486602], [0.9892645866410521, 5.861172595081093], [0.9892642629607913, 5.861263002675273], [0.9892639392754515, 5.861353410269145], [0.9893089177525197, 5.861398776136943], [0.9893991983996153, 5.8613991002680015], [0.9894441768937324, 5.861444466129857], [0.9894438532272534, 5.861534873733178], [0.9894435295556949, 5.861625281336189], [0.989443205879058, 5.861715688938891], [0.9894428821973417, 5.861806096541286], [0.9894425585105469, 5.8618965041433695], [0.9894875370354979, 5.861941870015842], [0.9895778177798127, 5.861942194148037], [0.9896227963218139, 5.861987560014567], [0.9896224726538829, 5.8620779676261], [0.9896221489808734, 5.862168375237323], [0.9896218253027861, 5.862258782848237], [0.9896668038661929, 5.862304148720658], [0.9897570846787103, 5.862304472843919], [0.9898020632591684, 5.862349838710395], [0.9898017395999473, 5.862440246330757], [0.989801415935649, 5.862530653950808], [0.9898010922662724, 5.862621061570552], [0.9898460708681368, 5.862666427442917], [0.9899363517488596, 5.86266675155724], [0.9899813303677767, 5.862712117423663], [0.98998100671727, 5.862802525052851], [0.9899806830616854, 5.862892932681732], [0.9899803594010228, 5.862983340310303], [0.9899350570974949, 5.863028382062699], [0.9898897547867104, 5.863073423808866], [0.9898894311013786, 5.863163831431787], [0.9899344097413456, 5.863209197313575], [0.9900246907142283, 5.863209521443552], [0.9901149716921879, 5.863209845558996], [0.990159950359004, 5.86325521143008], [0.99015962670706, 5.86334561906748], [0.9901143243737851, 5.8633906608287605], [0.9900240433667962, 5.8633903367032545], [0.9899787410215465, 5.863435378448524], [0.9899784173304181, 5.8635257860752406], [0.9900233959990543, 5.863571151961721], [0.9901136770350737, 5.863571476097289], [0.990158655720764, 5.863616841977819], [0.9901583320485111, 5.863707249613982], [0.9901580083711807, 5.863797657249836], [0.9901576846887731, 5.863888064885379], [0.9902026633958789, 5.863933430771798], [0.990292944500114, 5.863933754898418], [0.9903379232242744, 5.863979120778889], [0.9903375995607449, 5.864069528423877], [0.9903372758921388, 5.864159936068555], [0.9903369522184553, 5.864250343712926], [0.9903819309640335, 5.864295709599281], [0.990472212136488, 5.864296033716952], [0.9905171908991215, 5.8643413995973575], [0.9905168672443186, 5.8644318072511705], [0.9905165435844401, 5.864522214904673], [0.9905162199194852, 5.864612622557869], [0.9905158962494527, 5.864703030210755], [0.9905155725743452, 5.864793437863332], [0.9905152488941606, 5.864883845515599], [0.9905149252088996, 5.864974253167558], [0.9905599040118376, 5.865019619063291], [0.9906501853105882, 5.865019943192127], [0.9906951641305827, 5.865065309081911], [0.9906948404642066, 5.86515571674331], [0.9906945167927551, 5.865246124404403], [0.9906941931162279, 5.865336532065185], [0.9906938694346241, 5.865426939725658], [0.9906935457479449, 5.865517347385822], [0.9907385245988074, 5.8655627132862085], [0.9908288059948266, 5.865563037416144], [0.9908737848627472, 5.865608403310578], [0.990873461194957, 5.8656988109801835], [0.9908731375220906, 5.865789218649481], [0.9908728138441492, 5.865879626318467], [0.990872490161132, 5.865970033987144], [0.9908721664730391, 5.866060441655515], [0.9909171453718337, 5.866105807560551], [0.9909621242778892, 5.866151173464388], [0.9909618005941672, 5.866241581137169], [0.991006779512207, 5.866286947042168], [0.9910517584375067, 5.8663323129459695], [0.9910514347581567, 5.866422720623161], [0.991051111073731, 5.866513128300044], [0.9910507873842299, 5.866603535976616], [0.9910504636896542, 5.86669394365288], [0.9910501399900044, 5.866784351328835], [0.991095118946185, 5.866829717243236], [0.9911854005658091, 5.866830041385411], [0.991230379539051, 5.8668754072938585], [0.9912300558582968, 5.866965814979251], [0.9912297321724685, 5.867056222664335], [0.991229408481565, 5.8671466303491115], [0.9912290847855871, 5.867237038033577], [0.9912287610845346, 5.867327445717734], [0.9912737400886618, 5.867372811636779], [0.9913640218055798, 5.867373135780035], [0.991409000826769, 5.867418501693122], [0.9914086771446166, 5.867508909386719], [0.9914083534573903, 5.867599317080004], [0.9914080297650903, 5.8676897247729825], [0.9914077060677153, 5.8677801324656516], [0.9914073823652666, 5.86787054015801], [0.9914523614173457, 5.867915906081693], [0.9915426432315645, 5.867916230226026], [0.9915876223007073, 5.8679615961437515], [0.9915872986171625, 5.8680520038455475], [0.9915869749285444, 5.868142411547034], [0.9915866512348517, 5.868232819248212], [0.9915863275360857, 5.868323226949082], [0.9915860038322454, 5.86841363464964], [0.9916309829322837, 5.868459000577961], [0.9917212648438107, 5.868459324723367], [0.9917662439609135, 5.868504690645727], [0.9917659202759813, 5.868595098355721], [0.9917655965859761, 5.8686855060654075], [0.9917652728908967, 5.868775913774785], [0.9917649491907442, 5.8688663214838535], [0.9917646254855185, 5.868956729192612], [0.9918096046335223, 5.869002095125567], [0.9918998866423656, 5.869002419272037], [0.9919448658074344, 5.869047785199029], [0.9919445421211197, 5.869138192917224], [0.9919442184297321, 5.869228600635108], [0.9919438947332724, 5.869319008352686], [0.9919435710317392, 5.86940941606995], [0.9919432473251331, 5.869499823786909], [0.9919429236134544, 5.8695902315035555], [0.9919425998967022, 5.8696806392198955], [0.991987579102135, 5.869726005162197], [0.9920778612373624, 5.8697263293197794], [0.9921228404598612, 5.869771695256117], [0.992122516762025, 5.869862102981891], [0.9921221930591166, 5.869952510707353], [0.9921218693511353, 5.870042918432509], [0.9921215456380819, 5.8701333261573545], [0.9921212219199553, 5.870223733881892], [0.992120898196757, 5.8703141416061175], [0.9921205744684853, 5.870404549330035], [0.9921202507351419, 5.870494957053644], [0.992165230002744, 5.870540323007648], [0.992210209277613, 5.870585688960448], [0.9922551885597485, 5.870631054912046], [0.9923001678491499, 5.870676420862442], [0.9922998441296549, 5.870766828595174], [0.9922995204050874, 5.870857236327598], [0.9922991966754489, 5.870947644059711], [0.9923441759863086, 5.870993010015979], [0.9923891553044355, 5.871038375971044], [0.9923888315791866, 5.871128783707564], [0.992388507848865, 5.871219191443777], [0.9923881841134716, 5.871309599179678], [0.9924331634530602, 5.871354965140616], [0.9924781427999159, 5.8714003311003475], [0.9924778190689137, 5.871490738840657], [0.9924774953328406, 5.871581146580655], [0.9925224746964267, 5.871626512543901], [0.9925674540672809, 5.871671878505942], [0.9925671303356004, 5.87176228625035], [0.9925668065988474, 5.8718526939944455], [0.9926117859864337, 5.871898059959999], [0.9926567653812883, 5.871943425924349], [0.9926564416489289, 5.872033833672853], [0.9926561179114983, 5.872124241421046], [0.9927010973230871, 5.872169607388907], [0.9927460767419429, 5.872214973355565], [0.9927457530089077, 5.8723053811081645], [0.9927454292708005, 5.872395788860453], [0.9927451055276227, 5.872486196612436], [0.992790084967947, 5.872531562584962], [0.9928350644155408, 5.872576928556283], [0.9928347406767586, 5.872667336312669], [0.9928344169329053, 5.872757744068747], [0.9928793963972352, 5.872803110043578], [0.9929243758688346, 5.8728484760172055], [0.992924052129379, 5.872938883777689], [0.9929237283848522, 5.873029291537862], [0.9929234046352553, 5.873119699297727], [0.9929683841283263, 5.87316506527722], [0.9930133636286675, 5.873210431255508], [0.9930130398834686, 5.8733008390197785], [0.9930127161331994, 5.873391246783741], [0.9930576956502788, 5.873436612765538], [0.9931026751746294, 5.873481978746129], [0.9931023514287592, 5.873572386514495], [0.9931473309651143, 5.873617752496241], [0.9931923105087402, 5.873663118476777], [0.9932372900596357, 5.873708484456111], [0.9933275729054308, 5.873708808631008], [0.9933725524734023, 5.873754174604366], [0.9933722287559449, 5.873844582386873], [0.993371905033418, 5.873934990169071], [0.9933715813058226, 5.87402539795096], [0.9933712575731566, 5.87411580573254], [0.9933709338354212, 5.874206213513809], [0.9934159134343425, 5.874251579497746], [0.9935061963775267, 5.874251903673658], [0.9935511759935242, 5.874297269651619], [0.9935508522747345, 5.874387677442315], [0.9935505285508762, 5.8744780852327025], [0.9935502048219481, 5.874568493022781], [0.9935498810879518, 5.874658900812548], [0.9935495573488858, 5.874749308602009], [0.9935945369958408, 5.874794674590546], [0.9936848200364187, 5.874794998767468], [0.99372979970045, 5.874840364750025], [0.993729475980334, 5.874930772548911], [0.9937291522551487, 5.875021180347485], [0.9937288285248947, 5.875111588145752], [0.9937285047895725, 5.8752019959437085], [0.9937281810491809, 5.875292403741355], [0.9937278573037212, 5.875382811538693], [0.993772837003453, 5.875428177534182], [0.9938178167104564, 5.8754735435284635], [0.9938627964247334, 5.875518909521539], [0.9939077761462822, 5.875564275513406], [0.993907452414708, 5.875654683319859], [0.9939071286780651, 5.875745091126001], [0.9939068049363543, 5.875835498931837], [0.9939064811895746, 5.8759259067373595], [0.9939061574377267, 5.876016314542576], [0.9939511371902434, 5.876061680545014], [0.9940414204547264, 5.876062004733985], [0.9940864002243239, 5.876107370730443], [0.9940860764914337, 5.876197778545083], [0.994085752753476, 5.876288186359412], [0.9940854290104502, 5.876378594173432], [0.9940851052623565, 5.876469001987142], [0.994084781509195, 5.876559409800543], [0.9941297613097647, 5.876604775807572], [0.9942200446716677, 5.876605099997537], [0.9942650244893199, 5.876650465998583], [0.9942647007551196, 5.876740873821407], [0.9942643770158516, 5.8768312816439225], [0.9942640532715169, 5.876921689466125], [0.9942637295221144, 5.877012097288022], [0.9942634057676445, 5.877102505109608], [0.9942630820081071, 5.877192912930885], [0.9942627582435027, 5.87728332075185], [0.9942624344738306, 5.877373728572508], [0.9942621106990919, 5.877464136392854], [0.9943070905666866, 5.877509502413894], [0.9943973740842161, 5.877509826624929], [0.9944423539688945, 5.877555192639982], [0.9944420302131217, 5.877645600469753], [0.9944417064522824, 5.877736008299212], [0.9944413826863756, 5.877826416128363], [0.9944410589154014, 5.877916823957202], [0.9944407351393609, 5.878007231785734], [0.9944404113582535, 5.878097639613955], [0.9944400875720786, 5.878188047441867], [0.9944850674972283, 5.878233413472199], [0.9945753511413029, 5.878233737694256], [0.9946203310835374, 5.878279103718601], [0.9946200073163334, 5.878369511555935], [0.994619683544063, 5.878459919392957], [0.9946193597667266, 5.878550327229671], [0.9946190359843234, 5.878640735066075], [0.9946187121968536, 5.87873114290217], [0.994663692170081, 5.878776508937081], [0.9947539759116054, 5.878776833160113], [0.9947989559019196, 5.878822199189036], [0.9947986321334246, 5.878912607034551], [0.9947983083598634, 5.879003014879756], [0.9947979845812356, 5.879093422724651], [0.994797660797542, 5.879183830569237], [0.9947973370087829, 5.879274238413512], [0.9947970132149567, 5.8793646462574785], [0.9947966894160652, 5.879455054101135], [0.9947963656121075, 5.879545461944482], [0.9947960418030831, 5.87963586978752], [0.9947957179889934, 5.879726277630246], [0.9947953941698369, 5.879816685472664], [0.994840374219617, 5.879862051526282], [0.9949306581459325, 5.879862375780398], [0.9949756382128018, 5.879907741828025], [0.9949753144126264, 5.87999814967986], [0.9949749906073849, 5.880088557531388], [0.9949746667970788, 5.880178965382606], [0.9949743429817061, 5.8802693732335145], [0.9949740191612679, 5.8803597810841115], [0.9949736953357643, 5.8804501889344], [0.9949733715051944, 5.880540596784379], [0.9950183516125629, 5.880585962847276], [0.9951086356654684, 5.880586287112392], [0.9951536157899268, 5.8806316531692975], [0.9951532919783428, 5.8807220610286945], [0.9951529681616935, 5.880812468887781], [0.9951526443399783, 5.88090287674656], [0.995107340369753, 5.880947918538702], [0.9950620363922466, 5.8809929603246145], [0.9951070165331604, 5.881038326394506], [0.9951519966813525, 5.881083692463185], [0.9951516728444422, 5.881174100321033], [0.9951513490024668, 5.881264508178571], [0.9951510251554256, 5.881354916035798], [0.9951507013033191, 5.881445323892717], [0.9951503774461474, 5.8815357317493255], [0.9951500535839101, 5.8816261396056255], [0.9951950337678682, 5.881671505687217], [0.9952853180056173, 5.881671829983399], [0.9953302982066682, 5.881717196058998], [0.9953299743634226, 5.881807603924712], [0.9953296505151124, 5.881898011790121], [0.9953293266617376, 5.881988419655216], [0.9953290028032973, 5.882078827520004], [0.9953286789397928, 5.882169235384481], [0.9953283550712233, 5.8822596432486485], [0.9953280311975887, 5.882350051112505], [0.9953277073188891, 5.8824404589760535], [0.995327383435125, 5.882530866839289], [0.995372363686194, 5.8825762329348645], [0.9954626480796932, 5.882576557252064], [0.9955076283478578, 5.88262192334164], [0.9955073044830902, 5.882712331214294], [0.9955069806132592, 5.882802739086639], [0.9955066567383631, 5.882893146958673], [0.9955063328584024, 5.882983554830395], [0.9955060089733775, 5.883073962701813], [0.9955056850832884, 5.883164370572916], [0.9955053611881346, 5.883254778443711], [0.9955050372879162, 5.883345186314196], [0.995504713382633, 5.883435594184371], [0.9955043894722858, 5.883526002054236], [0.9955040655568742, 5.883616409923791], [0.995503741636398, 5.883706817793037], [0.9955034177108576, 5.883797225661972], [0.9955030937802521, 5.883887633530597], [0.9955480741222017, 5.883932999651915], [0.9955930544714346, 5.883978365772017], [0.9955927305452676, 5.88406877364504], [0.995592406614036, 5.884159181517753], [0.9955920826777397, 5.884249589390156], [0.9955917587363801, 5.884339997262249], [0.9955914347899557, 5.884430405134033], [0.9955911108384671, 5.884520813005506], [0.9956360912234924, 5.884566179138516], [0.9956810716158032, 5.88461154527031], [0.9956807476687539, 5.884701953146181], [0.9956804237166411, 5.884792361021742], [0.9956800997594641, 5.884882768896994], [0.9956797757972233, 5.884973176771935], [0.9956794518299186, 5.885063584646566], [0.9956791278575493, 5.885153992520887], [0.9956788038801158, 5.885244400394898], [0.9956784798976184, 5.8853348082686], [0.9956781559100571, 5.88542521614199], [0.9956778319174316, 5.8855156240150714], [0.9956775079197415, 5.8856060318878445], [0.995677183916988, 5.885696439760305], [0.9956768599091702, 5.885786847632455], [0.9956765358962881, 5.885877255504297], [0.9956762118783419, 5.885967663375828], [0.9957211923492311, 5.8860130295417115], [0.9957661728274069, 5.886058395706379], [0.9957658488139046, 5.8861488035823095], [0.9957205443076544, 5.886193845288552], [0.9956752397941189, 5.8862388869885605], [0.99572022027927, 5.886284253161506], [0.9957652007717083, 5.8863296193332335], [0.9957648767430141, 5.886420027208233], [0.9957645527092565, 5.88651043508292], [0.9957642286704347, 5.886600842957297], [0.9957639046265482, 5.886691250831366], [0.9957635805775991, 5.886781658705124], [0.9958085611010957, 5.886827024887404], [0.9958535416318816, 5.886872391068465], [0.995853217587378, 5.886962798946621], [0.9958528935378107, 5.887053206824465], [0.9958525694831796, 5.887143614702], [0.9958522454234845, 5.887234022579224], [0.9958519213587265, 5.8873244304561405], [0.9958515972889045, 5.887414838332743], [0.9958512732140191, 5.887505246209039], [0.9958509491340696, 5.887595654085023], [0.9958506250490565, 5.8876860619606965], [0.9958503009589796, 5.88777646983606], [0.9958499768638389, 5.887866877711114], [0.995849652763634, 5.887957285585858], [0.9958493286583656, 5.888047693460292], [0.9958943092582648, 5.888093059670729], [0.9959392898654519, 5.8881384258799505], [0.9959389657646331, 5.888228833758781], [0.9959386416587512, 5.888319241637302], [0.9959383175478056, 5.88840964951551], [0.995937993431796, 5.888500057393412], [0.9959376693107242, 5.888590465271001], [0.9959373451845879, 5.88868087314828], [0.995937021053388, 5.8887712810252495], [0.9959366969171247, 5.888861688901909], [0.9959363727757976, 5.888952096778258], [0.995936048629407, 5.889042504654296], [0.9959810292914578, 5.889087870885831], [0.9960260099607977, 5.889133237116147], [0.9960256858188595, 5.889223644996584], [0.9960253616718586, 5.889314052876709], [0.9960250375197943, 5.8894044607565235], [0.9960247133626662, 5.889494868636027], [0.9960243892004746, 5.889585276515222], [0.99602406503322, 5.889675684394106], [0.9960237408609023, 5.889766092272678], [0.9960234166835212, 5.889856500150943], [0.9960230925010767, 5.889946908028897], [0.9960227683135678, 5.89003731590654], [0.9960224441209964, 5.890127723783872], [0.9960221199233615, 5.890218131660895], [0.9960671006570989, 5.890263497918231], [0.9961120813981261, 5.890308864174346], [0.9961117572049476, 5.890399272055766], [0.9961114330067052, 5.890489679936874], [0.9961111088034001, 5.890580087817672], [0.9961107845950313, 5.890670495698159], [0.9961104603815994, 5.890760903578337], [0.9961101361631053, 5.890851311458204], [0.9961551169399848, 5.890896677727219], [0.9962000977241571, 5.890942043995012], [0.99619977351012, 5.891032451879275], [0.99619944929102, 5.891122859763229], [0.9961991250668569, 5.891213267646871], [0.9961988008376311, 5.891303675530204], [0.9961984766033428, 5.891394083413226], [0.9961981523639909, 5.891484491295936], [0.9961978281195752, 5.891574899178337], [0.9961975038700978, 5.891665307060428], [0.9961971796155572, 5.891755714942208], [0.9961968553559527, 5.891846122823678], [0.9961965310912861, 5.891936530704839], [0.9961962068215564, 5.892026938585688], [0.9961958825467636, 5.892117346466227], [0.9961955582669074, 5.892207754346456], [0.9961952339819882, 5.892298162226373], [0.9962402148448763, 5.892343528528242], [0.9963305008631639, 5.892343853241337], [0.9963754817431706, 5.892389219537187], [0.9963751574773012, 5.892479627426518], [0.996420138369365, 5.892524993723499], [0.9965104244269539, 5.89252531841741], [0.9965557295778917, 5.892480276809322], [0.9965560538145842, 5.892389868909963], [0.9965563780462157, 5.892299461010291], [0.996556702272784, 5.892209053110309], [0.9965117213826529, 5.892163686828756], [0.9964214353834144, 5.892163362154908], [0.9963764545104022, 5.892117995867336], [0.9963767787560209, 5.892027587976766], [0.9964220838600655, 5.891982546368749], [0.9965123698301287, 5.891982871032567], [0.9965573507107357, 5.8920282373094155], [0.9965570264942906, 5.892118645210018], [0.9966020073869531, 5.892164011487997], [0.9966922933963156, 5.89216433613263], [0.9967372743060963, 5.8922097024045925], [0.9967369501087031, 5.892300110314604], [0.9967366259062485, 5.892390518224304], [0.9967363016987308, 5.892480926133698], [0.9967359774861522, 5.8925713340427786], [0.996735653268512, 5.892661741951549], [0.9967353290458099, 5.8927521498600095], [0.9967350048180464, 5.892842557768159], [0.9967346805852211, 5.892932965675998], [0.9967343563473339, 5.893023373583528], [0.9966890511469703, 5.893068415195261], [0.9965987649917228, 5.893068090500475], [0.9965534597793009, 5.893113132096159], [0.9965531355021104, 5.893203539993037], [0.9965528112198584, 5.893293947889604], [0.9965524869325438, 5.893384355785861], [0.9965974678918934, 5.893429722096777], [0.9966877541055013, 5.893430046811623], [0.9967327350819729, 5.8934754131165175], [0.9967324108137162, 5.893565821022183], [0.9966871055543954, 5.893610862617941], [0.9965968193116068, 5.893610537893064], [0.9965515140402273, 5.89365557947277], [0.9965511897326638, 5.893745987367786], [0.9965961707110716, 5.893791353688109], [0.996686456983043, 5.8937916784230175], [0.9967314379785738, 5.89383704473732], [0.9967311136900693, 5.893927452641745], [0.9966858083914427, 5.893972494226852], [0.9965955220902878, 5.8939721694819145], [0.996550216779601, 5.894017211050969], [0.9965498924517888, 5.8941076189447426], [0.9965045871239787, 5.894152660504896], [0.9964143008037647, 5.894152335720704], [0.996369319825952, 5.894106969381374], [0.9963696441829482, 5.894016561497632], [0.9963699685348817, 5.893926153613579], [0.9963702928817529, 5.893835745729216], [0.9963706172235612, 5.893745337844542], [0.9963709415603064, 5.893654929959559], [0.9964162468412149, 5.893609888399479], [0.9965065330738802, 5.893610213153576], [0.9965518383427286, 5.893565171577445], [0.9965521626401674, 5.893474763681808], [0.9965071816833483, 5.89342939736732], [0.996416895479865, 5.893429072623254], [0.996371914540168, 5.893383706302743], [0.9963722388566627, 5.893293298416518], [0.9963725631680959, 5.893202890529982], [0.9963728874744655, 5.893112482643135], [0.996373211775773, 5.893022074755978], [0.996373536072017, 5.8929316668685106], [0.9963738603631991, 5.8928412589807335], [0.996374184649319, 5.892750851092644], [0.9963745089303755, 5.892660443204245], [0.9963748332063697, 5.892570035315538], [0.9963298523168377, 5.89252466901498], [0.9962395662693737, 5.892524344291853], [0.9961942610968529, 5.892569385864267], [0.9961939367916816, 5.8926597937429435], [0.9961486316020419, 5.892704835306454], [0.9961033264051069, 5.892749876863731], [0.9961030020752202, 5.892840284736769], [0.9960576968611657, 5.892885326285141], [0.9960123916398153, 5.892930367827276], [0.9960120672852127, 5.893020775694679], [0.9960117429255473, 5.8931111835617696], [0.996011418560818, 5.893201591428552], [0.9960110941910253, 5.893291999295022], [0.9960107698161688, 5.893382407161183], [0.9960104454362491, 5.8934728150270335], [0.9960101210512656, 5.893563222892572], [0.9960097966612187, 5.893653630757802], [0.9960094722661084, 5.89374403862272], [0.9960544531855535, 5.893789404971831], [0.9961447394271494, 5.893789729794405], [0.9961897203637174, 5.893835096137496], [0.9961893959876627, 5.893925504011826], [0.9961890716065455, 5.894015911885846], [0.9961887472203645, 5.894106319759557], [0.9961434418734962, 5.894151361280454], [0.9960531555735328, 5.894151036437814], [0.9960081746350306, 5.894105670079293], [0.9959631937038252, 5.894060303719549], [0.9959178883499589, 5.894105345217241], [0.9959175639149381, 5.894195753075591], [0.9959172394748539, 5.894286160933629], [0.9959622204130568, 5.894331527301656], [0.9960072013585547, 5.89437689366846], [0.996006876922936, 5.894467301530897], [0.996006552482253, 5.894557709393019], [0.9960062280365071, 5.894648117254835], [0.9959609226211394, 5.894693158740121], [0.9959156171984741, 5.894738200219169], [0.9959152927280069, 5.894828608075346], [0.9959149682524754, 5.894919015931212], [0.9959146437718805, 5.895009423786766], [0.9959143192862218, 5.895099831642011], [0.9959139947954991, 5.895190239496945], [0.9959136702997119, 5.89528064735157], [0.9959133457988616, 5.8953710552058824], [0.9959130212929471, 5.895461463059886], [0.9959126967819691, 5.895551870913576], [0.9959576777868857, 5.895597237314548], [0.9960026587991001, 5.895642603714298], [0.9960023342925901, 5.895733011572385], [0.9960473153168687, 5.895778377973262], [0.9961376018795316, 5.895778702906202], [0.996182582920938, 5.895824069301057], [0.9961822584334942, 5.895914477168556], [0.9961819339409876, 5.896004885035747], [0.9961816094434173, 5.896095292902626], [0.9962265905064231, 5.896140659303314], [0.9963168771376, 5.896140984227086], [0.9963618582177339, 5.896186350621751], [0.9963615337392331, 5.896276758498042], [0.9963612092556686, 5.896367166374022], [0.9963608847670421, 5.896457574249691], [0.9963155791741475, 5.896502615720974], [0.99622529248458, 5.896502290777138], [0.9961803114025047, 5.896456924367036], [0.9961806359203276, 5.8963665165013985], [0.9961356548503197, 5.896321150092427], [0.9960453682000747, 5.896320825129387], [0.9960000626052403, 5.896365866570305], [0.9959997380582207, 5.896456274425909], [0.9959994135061385, 5.8965466822812], [0.9959990889489916, 5.896637090136184], [0.9959987643867816, 5.896727497990854], [0.9959984398195082, 5.896817905845217], [0.9959981152471706, 5.896908313699266], [0.99599779066977, 5.8969987215530075], [0.9959974660873051, 5.897089129406436], [0.9959971414997759, 5.897179537259555], [0.9959968169071838, 5.897269945112363], [0.9959964923095281, 5.897360352964861], [0.9959961677068087, 5.897450760817048], [0.9959958430990257, 5.897541168668922], [0.9959955184861782, 5.897631576520488], [0.9959951938682675, 5.897721984371744], [0.9960401749974341, 5.897767350824388], [0.9961304618812726, 5.8977676758676925], [0.9961754430275724, 5.897813042314312], [0.9961751184287373, 5.89790345017498], [0.9962200995871077, 5.897948816622725], [0.9963103865102769, 5.897949141646819], [0.9964006734385085, 5.897949466656292], [0.9964909603718026, 5.8979497916511425], [0.9965359415669705, 5.897995158083257], [0.9965356170164177, 5.898085565963366], [0.9964903112560947, 5.8981306074063475], [0.9964000242935959, 5.898130282401463], [0.9963547185212023, 5.898175323828384], [0.9963543939313187, 5.898265731697841], [0.9963090881417911, 5.898310773115857], [0.9962188011602126, 5.898310448071699], [0.9961285141836971, 5.898310123012918], [0.9960382272122453, 5.898309797939513], [0.9959929214011063, 5.898354839321828], [0.9959925967426854, 5.898445247170599], [0.9959472909144126, 5.898490288544009], [0.995857003923882, 5.8984899634313255], [0.9958116980835366, 5.898535004788673], [0.9958113733857814, 5.898625412626789], [0.9958110486829619, 5.8987158204645915], [0.9957657428156467, 5.898760861810369], [0.9957204369410307, 5.898805903149905], [0.9957201122134789, 5.898896310982071], [0.9957197874808617, 5.898986718813924], [0.9957194627431805, 5.899077126645467], [0.9956741568317585, 5.899122167970768], [0.9956288509130348, 5.899167209289825], [0.9955835449870072, 5.899212250602642], [0.995538239053678, 5.8992572919092146], [0.9955379142715934, 5.89934769972979], [0.9955375894844424, 5.899438107550055], [0.9955372646922279, 5.899528515370008], [0.9954919587220893, 5.899573556662345], [0.9954466527446488, 5.899618597948439], [0.9954463279276976, 5.8997090057627535], [0.9954460031056812, 5.899799413576755], [0.9954456782785995, 5.89988982139045], [0.9954453534464531, 5.89998022920383], [0.9954450286092412, 5.900070637016903], [0.9954447037669636, 5.9001610448296615], [0.9954443789196209, 5.900251452642112], [0.9953990728660241, 5.900296493903311], [0.9953537668051237, 5.900341535158265], [0.9953534419330425, 5.900431942965073], [0.9953531170558961, 5.900522350771573], [0.9953527921736846, 5.900612758577761], [0.9953524672864068, 5.9007031663836385], [0.9953521423940641, 5.900793574189205], [0.9953518174966562, 5.90088398199446], [0.9953514925941822, 5.900974389799405], [0.9953061864571178, 5.901019431029463], [0.9952608803127484, 5.901064472253276], [0.9952605553855344, 5.901154880052581], [0.9952602304532538, 5.901245287851575], [0.9952599055159081, 5.90133569565026], [0.9952595805734963, 5.901426103448631], [0.995259255626019, 5.90151651124669], [0.9952589306734759, 5.9016069190444425], [0.9952586057158666, 5.90169732684188], [0.995258280753193, 5.901787734639009], [0.995257955785452, 5.901878142435827], [0.995257630812646, 5.901968550232334], [0.9952573058347741, 5.902058958028528], [0.9952569808518368, 5.902149365824414], [0.9952566558638333, 5.902239773619989], [0.9952113495842585, 5.902284814802916], [0.9951210620207104, 5.9022844893624535], [0.9950757557290555, 5.90232953052931], [0.9950754307016946, 5.902419938314225], [0.9951204119806021, 5.9024653049373015], [0.9952106995733759, 5.902465630387801], [0.995255680869429, 5.902510997004844], [0.9952553558611625, 5.902601404799176], [0.9952100495422296, 5.902646445971443], [0.9951197619202284, 5.902646120510905], [0.9950747806317741, 5.902600753883119], [0.9950751056692679, 5.902510346098827], [0.9950301243928941, 5.90246497947217], [0.9949848180767863, 5.90251002062387], [0.9949395117533719, 5.902555061769323], [0.9948942054226511, 5.902600102908532], [0.9948938803508641, 5.902690510682475], [0.9948935552740107, 5.902780918456107], [0.9948932301920898, 5.902871326229427], [0.994892905105103, 5.902961734002438], [0.9948925800130493, 5.903052141775136], [0.9948922549159293, 5.903142549547525], [0.9948469485188576, 5.903187590664494], [0.9948016421144794, 5.90323263177522], [0.99480131699261, 5.9033230395419665], [0.9947560105710826, 5.903368080643778], [0.9947107041422479, 5.903413121739344], [0.9947103789956286, 5.90350352950045], [0.9947100538439431, 5.903593937261242], [0.9947097286871897, 5.903684345021725], [0.9947094035253696, 5.903774752781897], [0.9947090783584821, 5.9038651605417565], [0.9946637718731298, 5.903910201617749], [0.994573484076915, 5.903909875999129], [0.9945281775794802, 5.9039549170590435], [0.9945278523732238, 5.904045324808241], [0.9945275271619001, 5.90413573255713], [0.9945272019455088, 5.904226140305704], [0.994481895411238, 5.904271181351377], [0.9944365888696584, 5.9043162223908], [0.9944362636285129, 5.904406630133733], [0.994390957069782, 5.904451671164244], [0.9943456505037402, 5.904496712188507], [0.9943453252378417, 5.904587119925797], [0.9943449999668742, 5.904677527662776], [0.9942996933738374, 5.904722568675459], [0.994254386773491, 5.904767609681895], [0.9942540614777684, 5.904858017413231], [0.9942087548602684, 5.904903058410753], [0.9941634482354591, 5.904948099402025], [0.9941631229149803, 5.905038507127718], [0.9941178162730168, 5.905083548110075], [0.9940725096237442, 5.9051285890861855], [0.9940721842785075, 5.9052189968062345], [0.9940268776120795, 5.905264037773429], [0.9939815709383422, 5.905309078734376], [0.9939812455683477, 5.905399486448781], [0.9939809201932838, 5.905489894162874], [0.9939805948131513, 5.905580301876657], [0.9939802694279497, 5.9056707095901295], [0.9939799440376784, 5.905761117303289], [0.9939796186423381, 5.905851525016138], [0.9939792932419291, 5.905941932728677], [0.9939789678364508, 5.906032340440904], [0.9939786424259034, 5.906122748152819], [0.993978317010287, 5.9062131558644255], [0.9939779915896012, 5.906303563575719], [0.9939776661638464, 5.906393971286701], [0.9939773407330227, 5.906484378997372], [0.993977015297129, 5.906574786707734], [0.9939766898561676, 5.9066651944177835], [0.9939763644101364, 5.90675560212752], [0.9939760389590357, 5.906846009836947], [0.9939757135028662, 5.9069364175460635], [0.9939753880416271, 5.907026825254869], [0.9939750625753194, 5.907117232963361], [0.993974737103942, 5.907207640671544], [0.9939744116274959, 5.907298048379415], [0.99397408614598, 5.907388456086975], [0.9939737606593959, 5.907478863794223], [0.9939284537420393, 5.907523904684924], [0.9938831468173704, 5.907568945569373], [0.993882821306021, 5.907659353270977], [0.9938375143641903, 5.90770439414651], [0.9937922074150471, 5.907749435015793], [0.9937918818789326, 5.907839842711753], [0.9938368633065876, 5.90788520954345], [0.9938818447415569, 5.907930576373922], [0.9938815192099302, 5.908020984074283], [0.9938811936732332, 5.908111391774329], [0.9938808681314678, 5.908201799474067], [0.9938805425846321, 5.908292207173492], [0.9938802170327278, 5.9083826148726075], [0.9938798914757536, 5.908473022571411], [0.9938795659137104, 5.9085634302699015], [0.9938342588733947, 5.908608471118768], [0.9937889518257657, 5.908653511961382], [0.9937886262389544, 5.90874391965423], [0.9937883006470732, 5.908834327346765], [0.9937879750501218, 5.90892473503899], [0.9937876494481016, 5.909015142730904], [0.9938326309378882, 5.909060509593226], [0.9938776124349896, 5.909105876454318], [0.993832305335578, 5.909150917287183], [0.9937869982288519, 5.909195958113795], [0.9937866726116221, 5.9092863658047765], [0.993831654115749, 5.909331732674164], [0.9939219427488378, 5.909332058711208], [0.9939669242701302, 5.909377425574554], [0.9939665986720223, 5.909467833274956], [0.9939662730688459, 5.909558240975047], [0.9939659474605992, 5.909648648674826], [0.993920640306868, 5.909693689501524], [0.9938753331458212, 5.9097387303219735], [0.9938750075128044, 5.909829138016107], [0.9939199890554665, 5.909874504894814], [0.9939649706054452, 5.909919871772293], [0.993964644976922, 5.910010279470827], [0.9940096265389975, 5.910055646349431], [0.9940999152992762, 5.910055972397348], [0.9941448968785187, 5.910101339269907], [0.9941445712691223, 5.910191746977862], [0.9940992640658496, 5.910236787808236], [0.9940089752763062, 5.910236461750274], [0.9939636680609363, 5.910281502564558], [0.993963342412136, 5.910371910261849], [0.9939630167582658, 5.910462317958824], [0.9939626910993263, 5.91055272565549], [0.9939623654353186, 5.9106431333518445], [0.9939620397662406, 5.910733541047887], [0.9939617140920937, 5.9108239487436185], [0.9939613884128768, 5.910914356439038], [0.9939610627285906, 5.911004764134147], [0.9939607370392359, 5.911095171828944], [0.9939604113448113, 5.91118557952343], [0.9939600856453173, 5.911275987217606], [0.9939147783142607, 5.911321027996303], [0.9938244893592462, 5.91132070184877], [0.9937791820160895, 5.911365742611379], [0.9937788562771849, 5.911456150294887], [0.9937785305332112, 5.911546557978082], [0.9937782047841678, 5.911636965660967], [0.9937778790300541, 5.91172737334354], [0.9937775532708703, 5.9118177810258015], [0.99373224587113, 5.911862821768822], [0.9936869384640707, 5.911907862505588], [0.9936866126801104, 5.911998270182204], [0.9936413052558802, 5.912043310910052], [0.9935959978243301, 5.912088351631646], [0.9935956720155923, 5.912178759302615], [0.9935503645668703, 5.912223800015287], [0.9935050571108294, 5.9122688407217066], [0.9935047312773128, 5.9123592483870295], [0.9935044054387255, 5.912449656052045], [0.9935040795950681, 5.912540063716746], [0.9934587721021456, 5.912585104408909], [0.9934134646019013, 5.912630145094817], [0.9934584462435622, 5.912675512070631], [0.9935034278925412, 5.912720879045215], [0.9935484095488405, 5.912766246018568], [0.9935933912124588, 5.912811612990688], [0.9935930653631586, 5.912902020659166], [0.9935927395087879, 5.9129924283273345], [0.9935924136493467, 5.91308283599519], [0.9935471061020783, 5.913127876681189], [0.9935017985474891, 5.913172917360934], [0.9935014726632677, 5.913263325023146], [0.9935464543482748, 5.913308692010633], [0.993591436040602, 5.913354058996888], [0.9935911101608794, 5.913444466663498], [0.9935907842760863, 5.913534874329796], [0.993590458386223, 5.913625281995782], [0.9935901324912895, 5.913715689661458], [0.9935898065912854, 5.913806097326822], [0.9935894806862114, 5.913896504991875], [0.9935891547760669, 5.913986912656615], [0.9935438471302407, 5.914031953315942], [0.9934985394770925, 5.914076993969014], [0.9935435212051686, 5.914122360977705], [0.9935885029405661, 5.914167727985162], [0.9935881770152097, 5.914258135648968], [0.993587851084784, 5.914348543312461], [0.9935875251492873, 5.914438950975645], [0.9935871992087196, 5.914529358638516], [0.9935868732630828, 5.914619766301076], [0.9936318550297336, 5.9146651333190805], [0.9936768368037059, 5.914710500335852], [0.993676510862572, 5.914800908002813], [0.993676184916368, 5.914891315669459], [0.9936758589650934, 5.914981723335796], [0.9936755330087481, 5.915072131001822], [0.9936752070473338, 5.915162538667533], [0.9936748810808486, 5.915252946332934], [0.9936745551092931, 5.915343353998026], [0.9936742291326675, 5.915433761662803], [0.993628921333913, 5.915478802289298], [0.9935836135278342, 5.915523842909537], [0.9935832875264213, 5.9156142505686695], [0.9935829615199394, 5.91570465822749], [0.9936279433440397, 5.915750025273763], [0.9936729251754628, 5.915795392318802], [0.993672599173486, 5.915885799982022], [0.9936722731664392, 5.915976207644931], [0.9936719471543217, 5.916066615307527], [0.9936716211371345, 5.916157022969813], [0.9936712951148766, 5.916247430631787], [0.9936709690875485, 5.916337838293449], [0.9936256611902065, 5.916382878893271], [0.99358035328554, 5.916427919486836], [0.9935800272334231, 5.916518327142852], [0.9935797011762355, 5.916608734798556], [0.9936246830482226, 5.916654101868384], [0.9936696649275337, 5.91669946893698], [0.9936243569907545, 5.916744509526134], [0.9935790490466491, 5.91678955010903], [0.9935787229742493, 5.916879957763799], [0.9935783968967798, 5.916970365418256], [0.9935780708142401, 5.917060773072402], [0.9936230527101751, 5.917106140154009], [0.9936680346134336, 5.917151507234381], [0.993667708535403, 5.917241914892927], [0.9936673824523016, 5.917332322551161], [0.9936220744465014, 5.917377363121643], [0.9935767664333744, 5.917422403685867], [0.9935764403254821, 5.917512811338455], [0.9935761142125188, 5.917603218990729], [0.9936210961371933, 5.917648586086471], [0.993711386107113, 5.917648912614909], [0.9937563680489748, 5.917694279704592], [0.9937560419551732, 5.917784687366288], [0.9937557158563028, 5.917875095027674], [0.9937553897523616, 5.917965502688749], [0.9937550636433501, 5.918055910349511], [0.9937547375292685, 5.918146318009962], [0.9937997195024107, 5.918191685110187], [0.9938447014828806, 5.918237052209178], [0.993844375373312, 5.9183274598740265], [0.9938440492586734, 5.918417867538564], [0.9938890312560515, 5.918463234641031], [0.9939340132607584, 5.918508601742262], [0.9939336871506333, 5.918599009411199], [0.9939333610354393, 5.918689417079825], [0.9939330349151749, 5.918779824748138], [0.9939327087898416, 5.91887023241614], [0.9939323826594382, 5.918960640083829], [0.9939320565239649, 5.919051047751206], [0.993931730383423, 5.919141455418272], [0.9939314042378092, 5.9192318630850265], [0.9939763862881817, 5.919277230203864], [0.9940213683458826, 5.919322597321465], [0.9940210422047862, 5.919413004992618], [0.994020716058621, 5.919503412663459], [0.9940203899073864, 5.919593820333988], [0.994065371986793, 5.919639187457419], [0.9941103540735304, 5.919684554579614], [0.994110027926813, 5.919774962254541], [0.9941097017750262, 5.919865369929156], [0.9941093756181705, 5.919955777603461], [0.9941090494562449, 5.920046185277452], [0.9941087232892504, 5.920136592951132], [0.9941083971171867, 5.920227000624501], [0.9941080709400534, 5.920317408297557], [0.9941077447578509, 5.920407815970301], [0.9941074185705795, 5.920498223642733], [0.9941070923782382, 5.920588631314854], [0.9941067661808276, 5.920679038986662], [0.9941064399783485, 5.92076944665816], [0.9941061137707994, 5.920859854329343], [0.9941057875581806, 5.9209502620002175], [0.994105461340493, 5.921040669670776], [0.9941051351177358, 5.921131077341028], [0.9941048088899104, 5.921221485010964], [0.9940595004839745, 5.921266525516005], [0.9940141920707092, 5.921311566014787], [0.9940138658180837, 5.921401973679079], [0.9940588479933836, 5.92144734084961], [0.9941038301760151, 5.9214927080189055], [0.9941035039279108, 5.921583115687595], [0.9941031776747379, 5.921673523355972], [0.9941028514164956, 5.9217639310240395], [0.9941025251531834, 5.921854338691793], [0.9941021988848023, 5.921944746359236], [0.9941018726113517, 5.922035154026363], [0.9941015463328314, 5.922125561693182], [0.9941012200492421, 5.922215969359689], [0.994146202277575, 5.922261336546585], [0.9941911845132386, 5.922306703732245], [0.994190858234174, 5.922397111403149], [0.9941905319500408, 5.92248751907374], [0.9941902056608369, 5.92257792674402], [0.9942351879182251, 5.922623293935505], [0.9942801701829442, 5.922668661125752], [0.9942348616287501, 5.922713701607827], [0.9941895530672231, 5.922758742083644], [0.9942345353342061, 5.922804109279839], [0.9942795176085211, 5.922849476474794], [0.9943244998901679, 5.922894843668512], [0.9943694821791477, 5.922940210860994], [0.9943691558939283, 5.923030618539756], [0.9943688296036407, 5.9231210262182055], [0.9943685033082836, 5.923211433896345], [0.9943681770078581, 5.923301841574171], [0.9944131593233639, 5.923347208774831], [0.9944581416462018, 5.923392575974251], [0.9944578153503045, 5.923482983656476], [0.9944574890493386, 5.923573391338388], [0.9944571627433053, 5.9236637990199865], [0.9945021450878736, 5.923709166225232], [0.9945471274397746, 5.923754533429238], [0.9945468011382708, 5.923844941115235], [0.9945464748316979, 5.923935348800919], [0.9945461485200573, 5.924025756486292], [0.9945911308936902, 5.9240711236961205], [0.9946361132746575, 5.924116490904711], [0.9946357869675484, 5.92420689859448], [0.9946354606553706, 5.924297306283936], [0.9946804430532712, 5.924342673495996], [0.9947254254585065, 5.924388040706815], [0.994725099150861, 5.924478448400668], [0.9947700815682314, 5.924523815612602], [0.9948150639929353, 5.924569182823296], [0.9948147376898236, 5.924659590521546], [0.994859720126663, 5.924704957733352], [0.9949047025708366, 5.92475032494392], [0.9949496850223459, 5.924795692153247], [0.994994667481189, 5.924841059361335], [0.9950396499473678, 5.92488642656818], [0.9950846324208817, 5.924931793773786], [0.9950843061415082, 5.925022201485847], [0.9951292886271579, 5.925067568692565], [0.9951742711201427, 5.925112935898043], [0.9951739448453066, 5.9252033436144975], [0.9952189273504285, 5.925248710821089], [0.9952639098628855, 5.925294078026438], [0.9952635835925865, 5.925384485747289], [0.9953085661171809, 5.9254298529537515], [0.9953535486491116, 5.9254752201589715], [0.9953532223833509, 5.9255656278842155], [0.9953528961125239, 5.9256560356091486], [0.9953978786613938, 5.925701402817833], [0.9954428612176017, 5.925746770025278], [0.9954425349513139, 5.925837177754605], [0.9954422086799601, 5.9259275854836195], [0.9954871912531085, 5.925972952694528], [0.99557748267836, 5.925973279376548], [0.9956677741086774, 5.925973606043876], [0.9957127567089018, 5.926018973243873], [0.9957124304714337, 5.926109380987316], [0.9957574130837975, 5.92615474818842], [0.995847704553592, 5.926155074836401], [0.9958926871831602, 5.926200442031426], [0.9958923609649077, 5.926290849784282], [0.9958920347415895, 5.926381257536825], [0.995891708513207, 5.926471665289057], [0.9959366911645258, 5.926517032489897], [0.9960269827031435, 5.926517359128561], [0.9960719653716679, 5.926562726323321], [0.9960716391625035, 5.926653134084961], [0.9961166218431705, 5.926698501280831], [0.9962069134212657, 5.926698827900143], [0.9962518961191382, 5.926744195089931], [0.996251569929194, 5.926834602860981], [0.9962512437341855, 5.926925010631719], [0.9962509175341127, 5.927015418402144], [0.996205608611881, 5.927060458973062], [0.9961153169750868, 5.927060132333682], [0.9960700080407122, 5.927105172888482], [0.9960696818011596, 5.927195580648251], [0.9961146645106583, 5.927240947858235], [0.996204956176803, 5.927241274507646], [0.9962952478480125, 5.927241601142364], [0.9963855395242858, 5.9272419277623865], [0.9964305222707318, 5.927287294956609], [0.9964301960797547, 5.927377702735818], [0.9964298698837128, 5.927468110514715], [0.996429543682608, 5.927558518293299], [0.9964745264508106, 5.927603885493332], [0.9965648181959159, 5.92760421210403], [0.996609800981328, 5.927649579297979], [0.9966094747994493, 5.927739987085972], [0.996609148612507, 5.927830394873651], [0.9966088224205017, 5.927920802661019], [0.9965635134187945, 5.927965843244715], [0.9964732216149805, 5.927965516613958], [0.9964279126011277, 5.928010557181539], [0.9964728953933643, 5.928055924393334], [0.9965178781929399, 5.928101291603883], [0.9965628609998534, 5.928146658813188], [0.9966078438141073, 5.928192026021247], [0.9966075176018491, 5.928282433807367], [0.9966525004282486, 5.9283278010165334], [0.9967427923009012, 5.928328127637961], [0.9968330841786169, 5.928328454244691], [0.9969233760613949, 5.928328780836722], [0.9969686850833537, 5.928283740224256], [0.9969690112368984, 5.9281933324180764], [0.997014320241648, 5.928148291796685], [0.9971046121051943, 5.928148618349294], [0.9971495949786702, 5.928193985528307], [0.9971492688544811, 5.928284393344515], [0.9971942517401041, 5.928329760524635], [0.9972845436431315, 5.928330087057876], [0.9973295265459626, 5.92837545423191], [0.9973292004410079, 5.928465862057521], [0.9973288743309914, 5.9285562698828205], [0.997328548215913, 5.928646677707807], [0.9973735311405111, 5.9286920448876455], [0.9974638231123767, 5.928692371411547], [0.9975088060541839, 5.928737738585297], [0.9975084799583424, 5.928828146419687], [0.9975081538574405, 5.928918554253764], [0.997507827751476, 5.92900896208753], [0.9974625186794068, 5.929054002737829], [0.997372226648821, 5.929053676193876], [0.9973269175646008, 5.929098716828058], [0.9973265914191541, 5.929189124651171], [0.9973715743726077, 5.929234491845114], [0.9974165573334021, 5.929279859037811], [0.9974162311925127, 5.929370266865313], [0.9974612141654575, 5.929415634059115], [0.997506197145742, 5.929461001251671], [0.9975058710094119, 5.929551409083561], [0.9975055448680211, 5.929641816915141], [0.9975505278652674, 5.9296871841111525], [0.9975955108698544, 5.929732551305913], [0.9976404938817833, 5.929777918499429], [0.9976854769010521, 5.929823285691699], [0.9976851507738428, 5.9299136935323675], [0.9977301338052645, 5.929959060725739], [0.9978204260029074, 5.929959387261024], [0.9979107182056114, 5.9299597137816065], [0.9980010104133749, 5.929960040287487], [0.9980459934817518, 5.930005407465079], [0.9980456674031528, 5.930095815325172], [0.9980453413194935, 5.930186223184953], [0.9980450152307747, 5.930276631044422], [0.9980899983209286, 5.930321998227816], [0.9981802905975435, 5.93032232472434], [0.9982255997693223, 5.930277284032461], [0.9982259258286742, 5.930186876162968], [0.998226251882967, 5.930096468293163], [0.9982265779322008, 5.930006060423047], [0.9982718870670243, 5.929961019716919], [0.9983621792950252, 5.929961346163996], [0.9984071624028864, 5.9300067133222045], [0.9984068363830183, 5.930097121202345], [0.9984065103580919, 5.930187529082172], [0.9984061843281065, 5.93027793696169], [0.9984511674577454, 5.930323304125699], [0.9985414597545973, 5.930323630563414], [0.9985864429014489, 5.930368997721331], [0.9985861168907131, 5.930459405610244], [0.9985857908749196, 5.930549813498843], [0.9985854648540672, 5.930640221387129], [0.9985401556620537, 5.930685262107793], [0.9984498633064657, 5.930684935650035], [0.9983595709559371, 5.930684609177574], [0.9983142617469549, 5.930729649872261], [0.998313935671932, 5.930820057744892], [0.9983589188205755, 5.930865424927844], [0.9984039019765613, 5.9309107921095485], [0.9984035759061053, 5.931001199986566], [0.9983582666649781, 5.931046240676866], [0.9983129574165086, 5.931091281360908], [0.9983126313212486, 5.931181689232288], [0.9983576144891452, 5.931227056424639], [0.9984025976643837, 5.931272423615743], [0.9984022715736921, 5.93136283149151], [0.9984472547610875, 5.931408198683712], [0.9984922379558268, 5.931453565874667], [0.9984919118697038, 5.931543973754821], [0.998491585778522, 5.931634381634662], [0.9985365689902327, 5.931679748829066], [0.9985815522092861, 5.931725116022221], [0.9985812261226741, 5.931815523906448], [0.9985809000310046, 5.931905931790363], [0.9986258832670311, 5.931951298986967], [0.9986708665104009, 5.931996666182321], [0.9986705404233023, 5.932087074070621], [0.9987155236788311, 5.9321324412670755], [0.9987605069417034, 5.93217780846228], [0.9987601808591764, 5.932268216354965], [0.9988051641342087, 5.9323135835512675], [0.9988501474165854, 5.9323589507463215], [0.9988498213386312, 5.932449358643393], [0.9988948046331679, 5.932494725839544], [0.9989397879350486, 5.932540093034446], [0.9989394618616684, 5.932630500935902], [0.9989844451757095, 5.932675868131902], [0.9990294284970956, 5.932721235326651], [0.9990291024282896, 5.932811643232494], [0.9990740857618378, 5.932857010428341], [0.9991190691027294, 5.932902377622938], [0.9991187430384993, 5.9329927855331634], [0.9991637263915535, 5.933038152728859], [0.9992087097519532, 5.933083519923302], [0.9992536931196975, 5.933128887116495], [0.9992986764947865, 5.933174254308438], [0.9992983504447671, 5.933264662227744], [0.9992980243896911, 5.933355070146739], [0.9993430077817603, 5.933400437342125], [0.9993879911811754, 5.933445804536261], [0.9994329745879365, 5.933491171729148], [0.9994779580020433, 5.933536538920778], [0.9994776319611803, 5.933626946848853], [0.9995226153874509, 5.933672314041584], [0.999567598821068, 5.933717681233062], [0.9996125822620295, 5.933763048423287], [0.9996575657103389, 5.933808415612261], [0.9996572396836922, 5.933898823549415], [0.9996569136519897, 5.933989231486256], [0.9997018971172816, 5.9340345986786724], [0.9997468805899207, 5.934079965869837], [0.9997918640699044, 5.934125333059752], [0.9998368475572365, 5.934170700248413], [0.9998365215397538, 5.934261108194331], [0.9998361955172156, 5.934351516139937], [0.9998358694896219, 5.934441924085231], [0.9998355434569731, 5.934532332030214], [0.9998352174192682, 5.934622739974882], [0.9998802009380431, 5.934668107174029], [0.9999251844641656, 5.9347134743719225], [0.999970167997635, 5.934758841568563], [1.0000151515384517, 5.93480420876395], [1.0000148255149703, 5.934894616717696], [1.0000598090679558, 5.934939983914178], [1.0001047926282876, 5.934985351109405], [1.0001044666093928, 5.9350757590675345], [1.0001494501818933, 5.935121126263856], [1.0001944337617408, 5.935166493458926], [1.000239417348937, 5.935211860652743], [1.0002844009434808, 5.935257227845303], [1.0003293845453727, 5.935302595036611], [1.0004196777563499, 5.9353029214409085], [1.0004646613754649, 5.935348288626109], [1.0005096450019284, 5.9353936558100555], [1.0005546286357403, 5.935439022992747], [1.0005996122768992, 5.935484390174185], [1.000644595925408, 5.935529757354369], [1.0006895795812638, 5.935575124533298], [1.0007345632444689, 5.935620491710974], [1.000734237293071, 5.935710899701958], [1.0007792209684465, 5.935756266880724], [1.0008242046511704, 5.935801634058237], [1.0008691883412435, 5.935847001234494], [1.0009141720386652, 5.9358923684094975], [1.000913846101503, 5.935982776409553], [1.0009588298110956, 5.936028143585649], [1.001003813528038, 5.936073510760486], [1.001003487595469, 5.9361639187649216], [1.001048471324583, 5.936209285940852], [1.0010934550610464, 5.936254653115527], [1.001138438804859, 5.936300020288947], [1.0011834225560217, 5.936345387461111], [1.0012284063145334, 5.93639075463202], [1.0012733900803936, 5.936436121801674], [1.0013183738536042, 5.93648148897007], [1.0013633576341647, 5.936526856137212], [1.0013630317351305, 5.936617264160102], [1.0014080155278646, 5.936662631328334], [1.0014529993279477, 5.936707998495309], [1.001497983135381, 5.936753365661029], [1.0015429669501643, 5.936798732825493], [1.0015879507722982, 5.936844099988699], [1.0016329346017812, 5.9368894671506505], [1.001677918438615, 5.936934834311345], [1.0017229022827983, 5.936980201470783], [1.0017678861343327, 5.9370255686289655], [1.0018128699932163, 5.93707093578589], [1.001857853859451, 5.9371163029415595], [1.0019028377330363, 5.9371616700959695], [1.0019478216139714, 5.937207037249125], [1.0019928055022578, 5.937252404401022], [1.0019924796657202, 5.93734281245643], [1.0020374635661817, 5.937388179609418], [1.0021277572112188, 5.9373885058491735], [1.002172741128908, 5.937433872996041], [1.0021724153116738, 5.9375242810608295], [1.0022173992415382, 5.937569648208785], [1.0022623831787554, 5.937615015355484], [1.0022620573661238, 5.937705423424648], [1.0023070413155173, 5.937750790572433], [1.0023520252722633, 5.93779615771896], [1.002351699464236, 5.9378865657925], [1.0023513736511598, 5.9379769738657275], [1.0023510478330342, 5.938067381938644], [1.0023960318116112, 5.938112749090945], [1.00244101579754, 5.93815811624199], [1.0024406899840197, 5.938248524319281], [1.002440364165451, 5.938338932396259], [1.0024853481683857, 5.938384299550734], [1.0025303321786734, 5.938429666703951], [1.0025300063647107, 5.938520074785303], [1.0025296805456994, 5.938610482866345], [1.0025293547216394, 5.938700890947072], [1.0025290288925304, 5.938791299027488], [1.0025287030583727, 5.9388817071075914], [1.0025283772191658, 5.938972115187383], [1.0024830673308271, 5.939017156097235], [1.002437757435135, 5.939062197000829], [1.0024827414766946, 5.939107564174057], [1.002527725525607, 5.939152931346026], [1.0025273996712543, 5.939243339424879], [1.0025723837323488, 5.939288706597932], [1.002617367800796, 5.939334073769728], [1.0026170419510525, 5.9394244818529565], [1.0026167160962605, 5.93951488993587], [1.00266170018172, 5.939560257111093], [1.0027066842745318, 5.939605624285059], [1.0027516683746978, 5.939650991457763], [1.002796652482217, 5.939696358629208], [1.0028416365970907, 5.9397417257993945], [1.002886620719317, 5.939787092968321], [1.0029316048488977, 5.939832460135987], [1.002976588985832, 5.939877827302394], [1.0029762631646293, 5.939968235403746], [1.003021247313748, 5.940013602571236], [1.0030662314702208, 5.940058969737466], [1.0031112156340476, 5.940104336902436], [1.0031561998052285, 5.940149704066146], [1.0031558739982995, 5.940240112176558], [1.003200858181666, 5.940285479341351], [1.003245842372386, 5.9403308465048825], [1.0032455165700727, 5.940421254619669], [1.0032905007729787, 5.940466621784284], [1.0033354849832394, 5.940511988947637], [1.003335159185541, 5.940602397066797], [1.0033801434079872, 5.940647764231233], [1.00342512763779, 5.940693131394409], [1.0034701118749458, 5.940738498556322], [1.0035150961194579, 5.940783865716975], [1.0035147703360399, 5.9408742738451945], [1.003559754592738, 5.9409196410069285], [1.0036047388567921, 5.940965008167402], [1.003649723128201, 5.941010375326613], [1.0036947074069664, 5.941055742484563], [1.003739691693086, 5.9411011096412505], [1.0037846759865623, 5.941146476796679], [1.003784350227092, 5.9412368849386406], [1.003829334532755, 5.9412822520951485], [1.0038743188457753, 5.941327619250393], [1.0039193031661502, 5.941372986404378], [1.0039642874938817, 5.941418353557099], [1.003963961748698, 5.9415087617081195], [1.0040089460886186, 5.941554128861919], [1.0040539304358949, 5.941599496014458], [1.0040536046953332, 5.941689904169849], [1.0040985890547995, 5.941735271323467], [1.0041435734216217, 5.941780638475825], [1.0041885577958005, 5.941826005626918], [1.0042335421773354, 5.94187137277675], [1.004278526566227, 5.941916739925317], [1.0043235109624753, 5.941962107072623], [1.0043231852458736, 5.942052515241753], [1.0043228595242273, 5.94214292341057], [1.0043225337975372, 5.942233331579073], [1.0043675182156462, 5.942278698732141], [1.0044578127861201, 5.942279024858958], [1.0045027972214637, 5.942324392005894], [1.0045024715141133, 5.942414800183764], [1.0045021458017187, 5.9425052083613235], [1.0045018200842804, 5.942595616538566], [1.0045468045414878, 5.942640983691264], [1.0046370991809066, 5.942641309808598], [1.0046820836553507, 5.942686676955164], [1.0046817579572551, 5.942777085141774], [1.004726742443892, 5.942822452289416], [1.0048170371228278, 5.942822778387273], [1.0048620216267021, 5.942868145528782], [1.0048616959479504, 5.942958553724757], [1.004906680464019, 5.943003920867343], [1.0049969751824712, 5.943004246945723], [1.005041959715777, 5.943049614082174], [1.0050416340563713, 5.943140022287514], [1.005086618601871, 5.943185389425041], [1.0051769133598414, 5.943185715483939], [1.0052218979225789, 5.943231082615333], [1.0052215722825208, 5.9433214908300345], [1.005266556857454, 5.943366857962503], [1.005356851654941, 5.943367184001921], [1.0054018362471118, 5.943412551128254], [1.005401510626403, 5.943502959352319], [1.0054464952307702, 5.943548326479725], [1.0055367900677739, 5.9435486524996595], [1.0055817746893783, 5.943594019620929], [1.0055814490880215, 5.943684427854356], [1.005626433721823, 5.943729794976701], [1.0057167285983442, 5.9437301209771505], [1.005807023479907, 5.943730446962862], [1.0058973183665088, 5.943730772933836], [1.005942303037306, 5.943776140040298], [1.0059419774847387, 5.943866548293071], [1.0059416519271307, 5.943956956545531], [1.0059413263644819, 5.944047364797676], [1.005986311057156, 5.944092731909893], [1.0060766060127113, 5.944093057871364], [1.0061215907226235, 5.944138424977442], [1.006121265179332, 5.944228833238947], [1.0061662499014428, 5.944274200346098], [1.006256544896515, 5.944274526288077], [1.0063015296358653, 5.944319893389089], [1.0063012041119328, 5.94441030165995], [1.0063461888634817, 5.944455668762036], [1.0064364838980715, 5.944455994684522], [1.0064814686668602, 5.944501361780465], [1.006481143162288, 5.944591770060683], [1.0064808176526763, 5.944682178340588], [1.006480492138027, 5.944772586620181], [1.0064801666183374, 5.944862994899462], [1.00647984109361, 5.944953403178428], [1.0064795155638429, 5.945043811457082], [1.0064791900290366, 5.945134219735424], [1.0064788644891918, 5.945224628013451], [1.0064785389443074, 5.945315036291166], [1.0065235237640235, 5.945360403406894], [1.0066138189558977, 5.945360729349812], [1.0066588037928552, 5.945406096459396], [1.0066584782673371, 5.945496504746466], [1.0067034631164973, 5.945541871857124], [1.0067937583478928, 5.945542197780541], [1.0068387432142933, 5.945587564885052], [1.0068384177081433, 5.945677973181478], [1.0068834025867486, 5.94572334028706], [1.0069736978576644, 5.945723666190976], [1.0070186827535101, 5.945769033290414], [1.0070183572667304, 5.945859441596193], [1.0070633421747808, 5.945904808696702], [1.007153637485218, 5.945905134581114], [1.00719862241051, 5.945950501675476], [1.0071982969431008, 5.946040909990608], [1.0072432818805983, 5.946086277086039], [1.007333577230556, 5.946086602950946], [1.007378562185296, 5.9461319700402315], [1.0073782367372597, 5.946222378364717], [1.0074232217042045, 5.94626774545507], [1.0075135170936842, 5.946268071300469], [1.0075585020778708, 5.946313438384677], [1.0075581766492105, 5.946403846718512], [1.0075578512155134, 5.946494255052035], [1.0075575257767804, 5.946584663385245], [1.007602510782862, 5.946630030475195], [1.007692806241312, 5.946630356311061], [1.0077377912646368, 5.946675723394864], [1.0077374658452813, 5.946766131737424], [1.00773714042089, 5.946856540079671], [1.0077368149914627, 5.946946948421606], [1.0077818000366845, 5.946992315511149], [1.0078720955641085, 5.94699264133748], [1.007917080626574, 5.947038008420874], [1.0079167552165276, 5.947128416772158], [1.007961740291201, 5.94717378385662], [1.0080520358581484, 5.947174109663436], [1.0080970209500664, 5.947219476741747], [1.0080966955594022, 5.9473098851023805], [1.008141680663529, 5.947355252181757], [1.008231976269999, 5.9473555779690574], [1.0082769613913705, 5.9474009450422844], [1.0082766360200905, 5.947491353412264], [1.0083216211536716, 5.947536720486556], [1.0084119167996648, 5.947537046254337], [1.00845690195049, 5.94758241332248], [1.0084565765985958, 5.947672821701805], [1.0085015617616324, 5.94771818877101], [1.0085918574471486, 5.947718514519273], [1.008636842627429, 5.947763881582328], [1.0086365172949225, 5.947854289970997], [1.0086815024874147, 5.947899657035115], [1.008771798212455, 5.947899982763856], [1.0088167834221922, 5.947945349821822], [1.0088164581090755, 5.948035758219836], [1.0088614433310237, 5.948081125278865], [1.0089517390955867, 5.948081450988083], [1.0089967243347808, 5.948126818040958], [1.0089963990410558, 5.948217226448318], [1.0089960737422976, 5.948307634855365], [1.0089957484385075, 5.948398043262098], [1.00904073369961, 5.948443410320708], [1.009131029533156, 5.948443736020368], [1.0091760148115048, 5.9484891030728235], [1.0091756895271082, 5.9485795114889], [1.009220674817671, 5.948624878542419], [1.0093109706907404, 5.94862520422255], [1.0093559559985488, 5.948670571269911], [1.0093556307335492, 5.9487609796953285], [1.0094006160535716, 5.948806346743754], [1.0094909119661655, 5.948806672404356], [1.0095358973034354, 5.9488520394466216], [1.0095355720578332, 5.948942447881382], [1.0095352468071994, 5.949032856315831], [1.009534921551534, 5.9491232647499634], [1.009534596290837, 5.949213673183786], [1.0095342710251096, 5.949304081617293], [1.00953394575435, 5.949394490050487], [1.0095789311280852, 5.949439857105491], [1.0096239165091854, 5.949485224159222], [1.009668901897653, 5.949530591211676], [1.009713887293486, 5.949575958262858], [1.0097135620370978, 5.949666366705079], [1.009758547445148, 5.94971173375732], [1.0098488435251831, 5.9497120594087525], [1.009893828950482, 5.949757426454835], [1.0098935037134975, 5.949847834906397], [1.0099384891510144, 5.949893201953539], [1.010028785270577, 5.9498935275854326], [1.0100737707253418, 5.949938894626415], [1.0100734455077633, 5.950029303087316], [1.0101184309747469, 5.950074670129356], [1.0102087271338367, 5.95007499574171], [1.0102537126180688, 5.95012036277759], [1.0102533874198991, 5.950210771247828], [1.0102530622166987, 5.950301179717751], [1.0102527370084684, 5.9503915881873635], [1.010252411795209, 5.950481996656659], [1.0102520865769204, 5.950572405125644], [1.010206775840255, 5.950617446544429], [1.0101614650962225, 5.950662487956958], [1.0101611398531385, 5.950752896420333], [1.0101158290918557, 5.950797937823954], [1.0100705183232042, 5.950842979221319], [1.0100701930553253, 5.950933387679087], [1.0100698677824158, 5.951023796136543], [1.0100695425044761, 5.951114204593683], [1.0100692172215067, 5.951204613050513], [1.0101142027515737, 5.951249980122901], [1.0101591882890086, 5.951295347194014], [1.0101138774684275, 5.951340388581753], [1.0100685666404767, 5.95138542996323], [1.0100682413424171, 5.951475838419118], [1.0101132268870445, 5.951521205498511], [1.010203523281904, 5.951521531190576], [1.0102485088437834, 5.951566898263804], [1.010248183565138, 5.95165730672903], [1.0102931691392403, 5.951702673803317], [1.0103834655736343, 5.951702999475833], [1.0104284511649897, 5.9517483665439554], [1.0104281259057615, 5.951838775018518], [1.0104731115093395, 5.951884142087699], [1.0105634079832684, 5.951884467740662], [1.0106083936040995, 5.9519298348036775], [1.0106080683642902, 5.952020243287576], [1.0106530539973453, 5.952065610351647], [1.0107433505108092, 5.952065935985059], [1.0107883361611176, 5.952111303042964], [1.0107880109407283, 5.952201711536198], [1.0108329966032616, 5.95224707859516], [1.0109232931562604, 5.952247404209016], [1.0109682788360468, 5.952292771261811], [1.0109679536350802, 5.952383179764379], [1.010967628429085, 5.952473588266631], [1.0109673032180622, 5.952563996768572], [1.011012288919787, 5.95260936382709], [1.0111025855417997, 5.95260968943135], [1.0111475712607778, 5.9526550564836995], [1.0111472460691806, 5.952745464994972], [1.0111469208725554, 5.952835873505932], [1.0111465956709025, 5.952926282016579], [1.0111462704642227, 5.95301669052691], [1.0111459452525149, 5.953107099036932], [1.011190931003147, 5.953152466099668], [1.0112359167611502, 5.953197833161127], [1.0112355915541293, 5.9532882416755], [1.0112352663420812, 5.953378650189559], [1.0112802521171695, 5.953424017254403], [1.0113255631019622, 5.953378975799245], [1.0113708740793848, 5.953333934337827], [1.0114611708394352, 5.953334259922881], [1.0115061566368069, 5.9533796269743355], [1.0115058314639582, 5.953470035503018], [1.0114605204789962, 5.95351507697527], [1.0114152094866624, 5.953560118441264], [1.0114601952912354, 5.9536054855009946], [1.0115051811031812, 5.953650852559443], [1.0115501669224976, 5.953696219616613], [1.011640463751572, 5.953696545192061], [1.0116854495881442, 5.95374191224306], [1.0116851244246752, 5.953832320780447], [1.0117301102734775, 5.9538776878325], [1.0118204071420902, 5.953878013388381], [1.011910704015729, 5.953878338929498], [1.0120010008943925, 5.953878664455856], [1.0120459867802214, 5.953924031491951], [1.0120456616656748, 5.9540144400486215], [1.0120906475637337, 5.954059807085768], [1.0121809444819354, 5.954060132592557], [1.012225930397251, 5.95410549962353], [1.0122256053021421, 5.9541959081895275], [1.0122705912296888, 5.954241275221552], [1.0123608881874284, 5.954241600708769], [1.0124058741322324, 5.954286967734619], [1.012405549056563, 5.954377376309942], [1.0124505350135995, 5.954422743336846], [1.0125408320108766, 5.954423068804488], [1.0125858179851694, 5.954468435825216], [1.012585492928942, 5.954558844409864], [1.0125851678676907, 5.954649252994201], [1.0125848428014148, 5.954739661578224], [1.0125845177301154, 5.954830070161932], [1.0125841926537917, 5.954920478745328], [1.012629178659762, 5.95496584577643], [1.0127194757555602, 5.954966171244401], [1.0128097728563825, 5.9549664966976055], [1.012900069962227, 5.954966822136045], [1.012945056005225, 5.955012189151182], [1.0129447309778394, 5.955102597753853], [1.0129444059454307, 5.95519300635621], [1.0129440809079993, 5.955283414958256], [1.0129437558655452, 5.955373823559986], [1.0129434308180671, 5.955464232161405], [1.012988416892747, 5.955509599186913], [1.0130787140971194, 5.955509924625672], [1.0131237001890592, 5.955555291645002], [1.0131233751610311, 5.955645700255742], [1.0131683612652067, 5.9556910672761205], [1.0132586585091206, 5.955691392695297], [1.0133489557580564, 5.955691718099706], [1.0134392530120135, 5.95569204348935], [1.0134842391532186, 5.9557374104937555], [1.013483914174138, 5.955827819123766], [1.0134835891900367, 5.955918227753464], [1.0134832642009133, 5.956008636382846], [1.0134829392067677, 5.956099045011915], [1.0134826142076012, 5.956189453640672], [1.0134822892034123, 5.956279862269115], [1.013481964194202, 5.956370270897245], [1.0134816391799697, 5.956460679525061], [1.013481314160716, 5.956551088152564], [1.0134360029465985, 5.956596129752045], [1.0133457055451491, 5.956595804312663], [1.0133003943187915, 5.9566408458960165], [1.0133000692599934, 5.956731254512944], [1.0132547580163744, 5.956776296087396], [1.0131644605954684, 5.956775970608529], [1.01311914933961, 5.95682101216685], [1.0131188242412652, 5.956911420773203], [1.0131184991378974, 5.9570018293792435], [1.0131181740295083, 5.957092237984968], [1.0130728627366126, 5.9571372795291015], [1.0129825652667475, 5.957136954000796], [1.0129372539616128, 5.957181995528797], [1.0129369288136734, 5.957272404123946], [1.012981914985621, 5.957317771196071], [1.013072212484991, 5.957318096734325], [1.0131171986742025, 5.957363463800267], [1.0131168735457223, 5.957453872404739], [1.013116548412219, 5.957544281008898], [1.0131162232736934, 5.957634689612743], [1.0131158981301445, 5.957725098216274], [1.0131155729815735, 5.957815506819493], [1.0131152478279795, 5.957905915422399], [1.013160234053758, 5.95795128250104], [1.0132052202869142, 5.957996649578395], [1.0132048951380281, 5.958087058185648], [1.013204569984121, 5.958177466792586], [1.0132495562343848, 5.958222833873321], [1.013294542492026, 5.958268200952769], [1.013294217342829, 5.958358609564057], [1.0132938921886085, 5.958449018175029], [1.0132935670293663, 5.958539426785689], [1.0133385533089836, 5.958584793870844], [1.0134288510349951, 5.958585119419649], [1.0134738373318795, 5.958630486498619], [1.0134735121921035, 5.958720895118601], [1.0135184985012329, 5.9587662621986155], [1.0135634848177388, 5.9588116292773465], [1.0136084711416244, 5.9588569963547915], [1.0136534574728866, 5.958902363430952], [1.013653132347558, 5.958992772059938], [1.0136981186910667, 5.959038139137142], [1.0137431050419525, 5.959083506213062], [1.0137880914002178, 5.959128873287694], [1.0138330777658608, 5.959174240361042], [1.0138327526549822, 5.959264648999032], [1.0138777390328713, 5.959310016073426], [1.01392272541814, 5.959355383146531], [1.0139224003119764, 5.959445791788866], [1.013967386709492, 5.959491158863015], [1.0140123731143857, 5.959536525935879], [1.0140573595266593, 5.959581893007455], [1.0141023459463108, 5.959627260077745], [1.0141473323733425, 5.959672627146749], [1.0141923188077522, 5.959717994214468], [1.014191993725781, 5.959808402870464], [1.0142369801724391, 5.959853769939225], [1.0142819666264773, 5.959899137006698], [1.0143269530878942, 5.959944504072886], [1.0143719395566901, 5.959989871137784], [1.0143716144891768, 5.960080279802787], [1.0143712894166437, 5.960170688467475], [1.0143709643390912, 5.960261097131849], [1.0144159508298762, 5.960306464202449], [1.0144609373280422, 5.96035183127176], [1.014505923833587, 5.960397198339785], [1.0145509103465127, 5.960442565406521], [1.0145505852834218, 5.960532974079899], [1.0145955718085968, 5.960578341147677], [1.0146405583411533, 5.9606237082141655], [1.0146402332827849, 5.9607141168918885], [1.0146852198275915, 5.96075948395942], [1.014730206379779, 5.960804851025664], [1.0147298813261334, 5.960895259707725], [1.0147295562674692, 5.960985668389475], [1.0147745428367798, 5.961031035459088], [1.0148195294134716, 5.9610764025274126], [1.0148192043595314, 5.9611668112135066], [1.014818879300573, 5.961257219899286], [1.0148638658943885, 5.9613025869709775], [1.0149088524955858, 5.961347954041382], [1.0149085274413527, 5.9614383627315055], [1.0149535140548034, 5.961483729802949], [1.0149985006756346, 5.961529096873106], [1.0149981756261275, 5.96161950556757], [1.0150431622592133, 5.961664872638765], [1.0150881488996804, 5.961710239708671], [1.0150878238549008, 5.961800648407478], [1.0151328105076223, 5.9618460154784225], [1.0151777971677258, 5.961891382548079], [1.015177472127674, 5.961981791251228], [1.015222458800033, 5.962027158321923], [1.0152674454797732, 5.962072525391329], [1.0153124321668963, 5.962117892459443], [1.0153574188614005, 5.962163259526269], [1.0154024055632878, 5.962208626591807], [1.0154473922725566, 5.962253993656051], [1.0154470672567295, 5.962344402372855], [1.0154920539782544, 5.96238976943814], [1.0155370407071627, 5.962435136502135], [1.015536715696066, 5.9625255452232775], [1.0155817024372311, 5.96257091228831], [1.0156720009381819, 5.962571237686379], [1.0157622994441498, 5.962571563069663], [1.0158072862124792, 5.9626169301235885], [1.015852272988191, 5.962662297176223], [1.015897259771286, 5.962707664227568], [1.015942246561764, 5.962753031277624], [1.0159875583119422, 5.962707989581345], [1.0159878832592437, 5.96261758083599], [1.0160331949921475, 5.962572539130811], [1.0161234935181782, 5.962572864454962], [1.0161684803260704, 5.962618231489254], [1.0161681554083009, 5.962708640244544], [1.0162131422284502, 5.962754007279875], [1.0163034407940426, 5.9627543325843915], [1.0163484276314656, 5.9627996996135195], [1.0163481027331978, 5.962890108378115], [1.0163930895828805, 5.962935475408281], [1.0164833881880344, 5.96293580069316], [1.0165283750549905, 5.962981167717124], [1.0165280501762266, 5.963071576491025], [1.016573037055442, 5.963116943516025], [1.0166633357001575, 5.963117268781266], [1.0167083225966467, 5.963162635800063], [1.016707997737388, 5.96325304458327], [1.016752984646138, 5.963298411603101], [1.0168432833304157, 5.963298736848704], [1.0168882702564386, 5.963344103862332], [1.0168879454166884, 5.9634345126548425], [1.016932932354973, 5.963479879669505], [1.0170232310788123, 5.963480204895465], [1.0171135298076655, 5.96348053010664], [1.0172038285415304, 5.963480855303029], [1.01724881551687, 5.963526222301667], [1.0172484907261647, 5.96361663111341], [1.0172934777137654, 5.963661998113079], [1.017383776487192, 5.963662323289824], [1.017428763492068, 5.9637076902832895], [1.0174284387208747, 5.963798099104333], [1.0174281139446695, 5.963888507925059], [1.017427789163452, 5.963978916745475], [1.0174727761903475, 5.964024283744623], [1.0175630750328724, 5.964024608911649], [1.017608062077043, 5.96406997590459], [1.0176077373153403, 5.9641603847343045], [1.0176527243717746, 5.96420575172828], [1.017743023253862, 5.964206076875657], [1.0177880103275705, 5.964251443863427], [1.0177876855853845, 5.9643418527024386], [1.0177873608381878, 5.9644322615411385], [1.0177870360859795, 5.964522670379521], [1.0178320231817124, 5.96456803737297], [1.017922322132903, 5.964568362510622], [1.0179673092459112, 5.964613729497864], [1.017966984513223, 5.964704138345546], [1.0179666597755233, 5.964794547192915], [1.0179663350328132, 5.964884956039971], [1.0180113221678477, 5.96493032303289], [1.018101621188143, 5.9649306481608155], [1.018146608340455, 5.964976015147525], [1.0181462836172668, 5.9650664240038775], [1.0181459588890684, 5.965156832859917], [1.0181456341558595, 5.965247241715642], [1.018145309417641, 5.965337650571052], [1.018144984674412, 5.96542805942615], [1.0181446599261725, 5.965518468280934], [1.0181443351729231, 5.9656088771354066], [1.0181440104146633, 5.965699285989562], [1.0181436856513935, 5.965789694843404], [1.0181886728550216, 5.965835061849736], [1.0182789720330647, 5.965835386997699], [1.018323959253972, 5.965880753997821], [1.0183236345102291, 5.965971162860959], [1.0183233097614763, 5.966061571723784], [1.0183229850077145, 5.966151980586295], [1.0183226602489421, 5.966242389448492], [1.0183223354851607, 5.9663327983103756], [1.0183673227378667, 5.96637816532082], [1.0184123099979607, 5.966423532329969], [1.018457297265442, 5.966468899337824], [1.0185022845403104, 5.966514266344379], [1.0185019597910505, 5.966604675215244], [1.0185469470781903, 5.966650042222828], [1.0185919343727186, 5.966695409229116], [1.0185916096282157, 5.966785818104313], [1.0186365969350148, 5.966831185111629], [1.0186819089839385, 5.966786143237801], [1.0187272210254739, 5.966741101357717], [1.0188175203813217, 5.966741426466533], [1.018862507710411, 5.966786793460393], [1.0188621830052271, 5.96687720235016], [1.018907170346588, 5.966922569345046], [1.0189974697420061, 5.9669228944341945], [1.0190424571006478, 5.966968261422868], [1.0190421324150012, 5.967058670321926], [1.0190871197859153, 5.967104037311625], [1.0191774192209029, 5.967104362381102], [1.019222406609098, 5.967149729364586], [1.0192220819429898, 5.967240138272935], [1.0192670693434591, 5.967285505257443], [1.019357368818016, 5.967285830307248], [1.0194023562357657, 5.9673311972855405], [1.0194020315891972, 5.967421606203181], [1.0194470190192215, 5.967466973182498], [1.0195373185333487, 5.96746729821263], [1.0195823059806546, 5.967512665185731], [1.0195819813536282, 5.9676030741126596], [1.0196269688132085, 5.967648441086784], [1.0197172683669047, 5.96764876609724], [1.0197622558437667, 5.967694133065147], [1.0197619312362851, 5.967784542001365], [1.0198069187254215, 5.967829908970295], [1.0198972183186887, 5.967830233961073], [1.0199422058251082, 5.967875600923785], [1.0199418812371717, 5.967966009869289], [1.019986868755867, 5.968011376833024], [1.0200771683887029, 5.968011701804124], [1.0201221559246807, 5.968057068761639], [1.0201218313562916, 5.968147477716431], [1.0201668189045463, 5.968192844674969], [1.020257118576952, 5.968193169626388], [1.0203474182543637, 5.968193494563009], [1.0204377179367798, 5.968193819484831], [1.020482705522101, 5.968239186427306], [1.0204823810028214, 5.9683295954013005], [1.0205273686004204, 5.968374962344797], [1.0206176683224057, 5.968375287246934], [1.0206626559372873, 5.96842065418421], [1.0206623314375594, 5.968511063167488], [1.0207073190647193, 5.9685564301057825], [1.0207976188262742, 5.968556754988237], [1.0208426064707161, 5.968602121920311], [1.0208422819905425, 5.968692530912871], [1.0208872696472648, 5.968737897845966], [1.0209775694483882, 5.968738222708731], [1.021022557122393, 5.968783589635602], [1.0210222326617748, 5.968873998637444], [1.0210672203480595, 5.968919365565336], [1.0211575201887515, 5.968919690408412], [1.0212025078923201, 5.968965057330079], [1.0212021834512592, 5.969055466341203], [1.0212471711671072, 5.96910083326389], [1.0213374710473688, 5.969101158087275], [1.0213824587805012, 5.969146525003738], [1.0213821343589997, 5.969236934024141], [1.0213818099324965, 5.969327343044231], [1.021381485500991, 5.969417752064007], [1.0214264732561837, 5.969463118986128], [1.0215167732055794, 5.969463443799728], [1.0215617609780576, 5.969508810715623], [1.0215614365661143, 5.969599219744678], [1.0215611121491694, 5.96968962877342], [1.021560787727222, 5.969780037801847], [1.021605775521764, 5.969825404723401], [1.021696075540297, 5.96982572952721], [1.0217410633521242, 5.969871096442537], [1.0217407389497424, 5.969961505480241], [1.0217857267738526, 5.970006872396586], [1.0218760268319573, 5.970007197180697], [1.0219210146733526, 5.970052564090813], [1.0219206902905367, 5.970142973137799], [1.0219656781442163, 5.97018834004893], [1.0220559782418923, 5.970188664813341], [1.0221009661128564, 5.970234031718245], [1.0221006417496092, 5.970324440774507], [1.022145629632859, 5.970369807680426], [1.0222359297701062, 5.970370132425136], [1.0222809176706416, 5.970415499324827], [1.0222805933269639, 5.970505908390363], [1.022325581239785, 5.9705512752910685], [1.0224158814166033, 5.970551600016076], [1.0224608693467094, 5.97059696691055], [1.0224605450226047, 5.970687375985364], [1.0225055329649972, 5.970732742880854], [1.0225958331813867, 5.970733067586156], [1.0226408211410651, 5.970778434475415], [1.0226404968365341, 5.970868843559502], [1.0226854848084999, 5.970914210449776], [1.0227757850644603, 5.97091453513537], [1.0228207730537122, 5.970959902019413], [1.0228204487687573, 5.971050311112772], [1.0228654367702967, 5.971095677997827], [1.0229557370658282, 5.971096002663711], [1.0230007250846542, 5.971141369542536], [1.0230004008192763, 5.971231778645168], [1.0230453888503905, 5.971277145525004], [1.0231356891854937, 5.971277470171179], [1.0231806772338945, 5.9713228370447835], [1.0231803529880965, 5.971413246156686], [1.023225341048787, 5.971458613031302], [1.0233156414234612, 5.971458937657763], [1.023360629501438, 5.971504304526145], [1.0233603052752198, 5.97159471364732], [1.0234052933654876, 5.971640080516714], [1.0234955937797332, 5.97164040512346], [1.023540581887286, 5.971685771986619], [1.0235402576806523, 5.971776181117065], [1.0235852458004968, 5.971821547981234], [1.0236755462543137, 5.971821872568264], [1.0237205343914453, 5.9718672394262], [1.0237202102043965, 5.971957648565913], [1.023765198353818, 5.972003015424859], [1.0238554988472068, 5.97200333999217], [1.023900487013918, 5.972048706844879], [1.0239001628464555, 5.97213911599386], [1.023854850497493, 5.972184158285182], [1.0237645499745247, 5.972183833707975], [1.023719561815308, 5.972138466844394], [1.0237198860123502, 5.972048057705311], [1.0236748978654262, 5.97200269084274], [1.0235845973820303, 5.972002366245814], [1.0234942969036314, 5.972002041634081], [1.0234039964302295, 5.972001717007539], [1.0233590083203787, 5.971956350128876], [1.0233593325665855, 5.971865941008956], [1.0233143444690265, 5.9718205741313035], [1.023224044035198, 5.971820249485046], [1.0231337436063659, 5.97181992482398], [1.0230434431825324, 5.97181960014811], [1.022998130821683, 5.971864642354799], [1.0230431188870623, 5.971910009250862], [1.0230881069598379, 5.971955376145619], [1.0231330950400068, 5.972000743039071], [1.0231780831275712, 5.972046109931216], [1.02322307122253, 5.972091476822057], [1.0232680593248835, 5.972136843711592], [1.023313047434633, 5.97218221059982], [1.023358035551776, 5.972227577486743], [1.0233577112855807, 5.972317986605407], [1.023402699415016, 5.97236335349334], [1.0234929999475784, 5.972363678139676], [1.0235379880943014, 5.972409045021375], [1.0235376638476932, 5.972499454149307], [1.0235826520067097, 5.972544821032015], [1.0236729525788466, 5.972545145658631], [1.02376325315598, 5.972545470270438], [1.0238535537381102, 5.972545794867438], [1.0238988661266455, 5.97250075258664], [1.0238991903140922, 5.972410343438916], [1.0239445026853384, 5.972365301149232], [1.0240348032478792, 5.972365625706718], [1.0240797914539634, 5.972410992558836], [1.024079467296099, 5.972501401716454], [1.024124455514476, 5.972546768569581], [1.024214756116589, 5.9725470931073446], [1.024259744352255, 5.972592459954233], [1.0242594202139812, 5.972682869121118], [1.0242141078252502, 5.9727279114361655], [1.0241238071935548, 5.972727586888508], [1.0240788189653818, 5.97268222003075], [1.0240791431332381, 5.972591810873759], [1.0240341549173584, 5.9725464440170075], [1.0239438543252362, 5.972546119449627], [1.0238985419342035, 5.972591161734049], [1.023898217736765, 5.9726815708811465], [1.0238978935343308, 5.972771980027927], [1.0238975693269001, 5.972862389174394], [1.023897245114474, 5.972952798320548], [1.023942233337553, 5.97299816519512], [1.0239872215680288, 5.973043532068384], [1.0239868973604025, 5.973133941218858], [1.0240318856031723, 5.973179308093131], [1.0240768738533388, 5.973224674966098], [1.0241218621109012, 5.973270041837758], [1.02416685037586, 5.973315408708109], [1.0242118386482157, 5.973360775577151], [1.024256826927967, 5.9734061424448885], [1.0242565027447377, 5.973496551608947], [1.024301491036785, 5.973541918477692], [1.0243464793362298, 5.973587285345126], [1.02439146764307, 5.973632652211255], [1.0244364559573078, 5.973678019076075], [1.0244814442789434, 5.9737233859395875], [1.0245264326079744, 5.97376875280179], [1.0245714209444032, 5.973814119662687], [1.024616409288229, 5.973859486522271], [1.024616085139201, 5.973949895704546], [1.0246157609851783, 5.974040304886503], [1.0246607493462014, 5.974085671749413], [1.0247057377146223, 5.974131038611015], [1.0247507260904405, 5.974176405471306], [1.0247957144736555, 5.9742217723302895], [1.0248407028642685, 5.974267139187964], [1.0248856912622792, 5.9743125060443285], [1.0249306796676882, 5.974357872899384], [1.0249756680804945, 5.97440323975313], [1.0249753439606841, 5.974493648953301], [1.0250203323857892, 5.974539015808053], [1.0251106333632998, 5.974539340306512], [1.0251556218056979, 5.974584707155021], [1.0252006102554936, 5.974630074002218], [1.0252455987126876, 5.974675440848107], [1.0252905871772795, 5.974720807692684], [1.0253355756492701, 5.9747661745359535], [1.0253805641286584, 5.974811541377911], [1.0254255526154454, 5.974856908218561], [1.025470541109631, 5.9749022750578975], [1.0255155296112155, 5.974947641895926], [1.025560518120197, 5.9749930087326435], [1.0256055066365786, 5.97503837556805], [1.0256504951603571, 5.975083742402146], [1.025695483691536, 5.975129109234931], [1.025695159650159, 5.975219518472142], [1.025740148193639, 5.97526488530593], [1.0258304493294632, 5.975265209725423], [1.0258754378902362, 5.975310576552965], [1.025875113868473, 5.975400985799432], [1.0259201024415487, 5.975446352627976], [1.026010403616951, 5.975446677027723], [1.0260553922073203, 5.97549204385002], [1.0260550682051714, 5.975582453105744], [1.0261000568078444, 5.975627819929044], [1.0261450454179166, 5.975673186751033], [1.026190034035389, 5.975718553571707], [1.02623502266026, 5.975763920391072], [1.0262800112925308, 5.975809287209126], [1.0263249999322006, 5.975854654025865], [1.026369988579271, 5.975900020841294], [1.0264149772337408, 5.975945387655411], [1.0264599658956102, 5.975990754468215], [1.0265049545648801, 5.976036121279708], [1.026549943241549, 5.9760814880898865], [1.0265949319256187, 5.976126854898754], [1.0265946079773354, 5.97621726418193], [1.0266395966737103, 5.976262630991796], [1.0266845853774855, 5.976307997800353], [1.0267295740886606, 5.976353364607597], [1.0267745628072353, 5.976398731413527], [1.0268195515332117, 5.976444098218143], [1.026864540266588, 5.976489465021445], [1.0269095290073642, 5.976534831823439], [1.026954517755542, 5.976580198624116], [1.0269995065111193, 5.976625565423479], [1.0270444952740985, 5.97667093222153], [1.0270894840444773, 5.976716299018268], [1.027134796711667, 5.976671256502759], [1.0271351205960884, 5.976580847191514], [1.027180433245982, 5.976535804667125], [1.0272707346688312, 5.976536128918716], [1.0273157234565875, 5.976581495699636], [1.0273153996017679, 5.97667190502076], [1.0272700869443918, 5.976716947556029], [1.0271797854919407, 5.976716623294557], [1.0271344728222573, 5.976761665813691], [1.0271794616074381, 5.976807032607802], [1.0272244504000199, 5.9768523994006], [1.0272694392000021, 5.9768977661920815], [1.027314428007386, 5.97694313298225], [1.0273141041326168, 5.977033542302119], [1.0273590929523093, 5.977078909093286], [1.0274040817794021, 5.977124275883139], [1.0274490706138975, 5.9771696426716785], [1.027494059455793, 5.977215009458905], [1.0275390483050906, 5.977260376244815], [1.0275840371617888, 5.977305743029411], [1.0276290260258893, 5.977351109812693], [1.0276740148973909, 5.9773964765946594], [1.0277190037762947, 5.9774418433753125], [1.0277639926625994, 5.977487210154649], [1.0277636688319234, 5.977577619497326], [1.027808657730539, 5.977622986277661], [1.027853646636557, 5.977668353056681], [1.0278986355499764, 5.9777137198343855], [1.0279436244707985, 5.977759086610776], [1.0279433006547711, 5.977849495962383], [1.0278979879031187, 5.9778945385326665], [1.027852675144063, 5.9779395810966935], [1.0278976640722102, 5.977984947881334], [1.0279879657718003, 5.977985272093376], [1.0280329547172455, 5.978030638871759], [1.0280326309010654, 5.9781210482273615], [1.0280323070798996, 5.978211457582652], [1.028077296042566, 5.978256824364342], [1.0281222850126353, 5.9783021911447145], [1.0281672739901067, 5.978347557923773], [1.0282122629749821, 5.978392924701516], [1.02825725196726, 5.978438291477943], [1.028302240966941, 5.978483658253052], [1.0283472299740242, 5.9785290250268455], [1.0283922189885113, 5.978574391799323], [1.0284372080104007, 5.978619758570485], [1.0284821970396942, 5.9786651253403305], [1.0284818732626473, 5.978755534718418], [1.0285268623042547, 5.978800901489257], [1.0285718513532651, 5.9788462682587795], [1.0286168404096796, 5.9788916350269865], [1.0287071422972098, 5.978891959169806], [1.0287521313709234, 5.978937325931748], [1.0287518076233442, 5.979027735323702], [1.028751483870781, 5.979118144715341], [1.0287964729617216, 5.979163511480589], [1.028841462060066, 5.979208878244521], [1.0288864511658145, 5.979254245007137], [1.0289314402789669, 5.979299611768433], [1.0289311165410682, 5.979390021168999], [1.0289307927981861, 5.979480430569253], [1.0289757819285672, 5.979525797333851], [1.029020771066353, 5.979571164097137], [1.0290657602115443, 5.9796165308591], [1.0291107493641376, 5.9796618976197475], [1.0291557385241374, 5.979707264379075], [1.0292007276915403, 5.979752631137086], [1.0292004039731524, 5.979843040550887], [1.0292453931528747, 5.979888407309889], [1.0292903823400015, 5.979933774067574], [1.0293353715345324, 5.979979140823939], [1.0293803607364687, 5.980024507578988], [1.02942534994581, 5.98006987433272], [1.0294703391625561, 5.98011524108513], [1.0295153283867073, 5.980160607836221], [1.029560317618264, 5.980205974585996], [1.0296053068572255, 5.98025134133445], [1.0296502961035927, 5.980296708081587], [1.0296499724293613, 5.980387117518168], [1.029694961688047, 5.980432484266296], [1.02973995095414, 5.980477851013104], [1.0297849402276378, 5.980523217758591], [1.0298299295085418, 5.980568584502758], [1.029829605848988, 5.980658993948267], [1.0298745951422112, 5.980704360693425], [1.029919584442842, 5.980749727437263], [1.029919260788137, 5.980840136887073], [1.029918937128451, 5.980930546336571], [1.029918613463784, 5.981020955785753], [1.0299182897941357, 5.981111365234621], [1.0299632791218352, 5.981156731986376], [1.0300082684569396, 5.981202098736811], [1.030053257799452, 5.981247465485928], [1.030098247149369, 5.9812928322337235], [1.0300979234944043, 5.9813832416915105], [1.0301429128566462, 5.981428608440297], [1.0301879022262932, 5.981473975187761], [1.030232891603348, 5.981519341933906], [1.0302778809878095, 5.981564708678729], [1.0303228703796783, 5.981610075422232], [1.0303678597789536, 5.9816554421644135], [1.0303675361485092, 5.981745851635739], [1.0304125255601084, 5.981791218378911], [1.0304575149791153, 5.981836585120758], [1.0305025044055296, 5.981881951861287], [1.030547493839351, 5.981927318600494], [1.03059248328058, 5.98197268533838], [1.030637472729216, 5.982018052074944], [1.0306371491232968, 5.982108461559808], [1.030682138584258, 5.982153828297358], [1.0307271280526282, 5.982199195033589], [1.030772117528405, 5.982244561768497], [1.0308171070115908, 5.982289928502084], [1.0308167834203648, 5.982380337995864], [1.03081645982416, 5.982470747489334], [1.0308161362229766, 5.982561156982484], [1.030861125728326, 5.982606523721673], [1.0309061152410828, 5.982651890459541], [1.030951104761248, 5.982697257196086], [1.0309960942888214, 5.982742623931309], [1.0310410838238042, 5.9827879906652095], [1.0310860733661946, 5.982833357397787], [1.0311310629159938, 5.982878724129044], [1.0311760524732017, 5.982924090858977], [1.0312210420378178, 5.982969457587587], [1.031266031609844, 5.983014824314874], [1.031311021189278, 5.98306019104084], [1.031356010776121, 5.983105557765482], [1.0314010003703726, 5.983150924488802], [1.0314459899720334, 5.983196291210798], [1.0314909795811031, 5.983241657931472], [1.0315359691975818, 5.983287024650821], [1.0315809588214702, 5.983332391368849], [1.0316259484527663, 5.9833777580855525], [1.0316709380914735, 5.983423124800932], [1.03176124088898, 5.983423448686114], [1.0318062305449927, 5.983468815395217], [1.0318059070520478, 5.983559224939132], [1.031850896720393, 5.983604591649217], [1.0318958863961458, 5.98364995835798], [1.0319408760793087, 5.983695325065416], [1.0319858657698817, 5.98374069177153], [1.0319855422916473, 5.983831101324358], [1.0320305319945513, 5.983876468031455], [1.0320755217048663, 5.983921834737226], [1.0321205114225898, 5.983967201441674], [1.0321655011477238, 5.984012568144796], [1.0322104908802676, 5.984057934846595], [1.0322554806202222, 5.984103301547069], [1.032255157166545, 5.984193711113422], [1.0323001469188322, 5.984239077814876], [1.0323451366785297, 5.984284444515006], [1.0323901264456363, 5.984329811213813], [1.0324351162201557, 5.984375177911295], [1.032480106002084, 5.98442054460745], [1.0325250957914236, 5.984465911302278], [1.0325700855881736, 5.984511277995785], [1.0326150753923338, 5.984556644687965], [1.0326600652039057, 5.984602011378819], [1.032705055022888, 5.984647378068347], [1.0327047316134677, 5.984737787657444], [1.0327497214447854, 5.984783154347953], [1.032794711283513, 5.984828521037137], [1.032839701129652, 5.984873887724994], [1.0328846909832026, 5.984919254411526], [1.0329296808441637, 5.984964621096732], [1.0329746707125365, 5.985009987780613], [1.0329743473276882, 5.985100397383226], [1.0330193372083967, 5.9851457640680845], [1.0330643270965167, 5.985191130751616], [1.0330640037165448, 5.9852815403585256], [1.033063680331599, 5.985371949965123], [1.033018367038785, 5.985416992880956], [1.0329730537385586, 5.985462035790537], [1.033018043638967, 5.985507402484617], [1.0330630335467874, 5.985552769177369], [1.03310802346202, 5.9855981358687975], [1.0331530133846647, 5.985643502558895], [1.0331526899946502, 5.985733912169159], [1.0331976799296327, 5.985779278860237], [1.0332426698720272, 5.985824645549988], [1.0332876598218352, 5.985870012238412], [1.0333326497790536, 5.985915378925508], [1.0333776397436862, 5.985960745611279], [1.0334226297157307, 5.986006112295722], [1.0334676196951877, 5.986051478978837], [1.0335126096820573, 5.986096845660624], [1.0335575996763398, 5.9861422123410835], [1.0336025896780354, 5.986187579020216], [1.0336022663323108, 5.986277988653212], [1.0336472563463457, 5.9863233553333215], [1.0336922463677942, 5.986368722012103], [1.0337372363966546, 5.986414088689557], [1.0338275397977046, 5.9864144123959635], [1.0338725298438782, 5.986459779067128], [1.0339175198974635, 5.986505145736965], [1.0339625099584633, 5.986550512405475], [1.0339621866521582, 5.986640922056903], [1.0340071767254981, 5.986686288726387], [1.0340521668062523, 5.986731655394545], [1.0340518435048318, 5.986822065050267], [1.03405152019844, 5.986912474705675], [1.0340511968870778, 5.987002884360768], [1.0340961869900303, 5.987048251034507], [1.0341411771003963, 5.9870936177069165], [1.0341861672181771, 5.9871389843779985], [1.0342311573433707, 5.987184351047751], [1.03427614747598, 5.987229717716174], [1.0343211376160022, 5.987275084383267], [1.0343661277634395, 5.9873204510490305], [1.03441111791829, 5.987365817713467], [1.0344561080805559, 5.987411184376573], [1.0345010982502356, 5.987456551038347], [1.03454608842733, 5.987501917698794], [1.0345910786118389, 5.987547284357912], [1.0346360688037621, 5.9875926510156985], [1.0346810590031, 5.987638017672157], [1.0347260492098524, 5.987683384327284], [1.03477103942402, 5.98772875098108], [1.034816029645602, 5.987774117633547], [1.034861019874599, 5.987819484284685], [1.0349060101110112, 5.98786485093449], [1.0349510003548381, 5.987910217582967], [1.0349506771370967, 5.988000627283812], [1.0349956673932692, 5.98804599393326], [1.035040657656857, 5.988091360581378], [1.0350856479278596, 5.988136727228166], [1.0351306382062782, 5.988182093873621], [1.035130315003293, 5.988272503583363], [1.0351299917953394, 5.988362913292789], [1.0351749820910359, 5.988408279941522], [1.0352199723941482, 5.98845364658892], [1.0352649627046766, 5.988499013234987], [1.0353099530226206, 5.988544379879725], [1.035309629829426, 5.988634789598047], [1.0353546201597175, 5.9886801562437535], [1.035399610497425, 5.988725522888131], [1.035444600842549, 5.988770889531176], [1.0354895911950883, 5.98881625617289], [1.0355345815550445, 5.988861622813269], [1.0355795719224168, 5.988906989452319], [1.035624562297205, 5.988952356090039], [1.0356695526794104, 5.988997722726425], [1.0357145430690309, 5.989043089361479], [1.0357595334660694, 5.9890884559952], [1.0357592103172335, 5.989178865736226], [1.0358042007266213, 5.989224232370918], [1.035849191143425, 5.989269599004276], [1.0358941815676466, 5.989314965636303], [1.0359391719992836, 5.989360332266997], [1.0359841624383384, 5.989405698896356], [1.0360744664529986, 5.989406022393943], [1.0361194569093706, 5.989451389017006], [1.0361191338000042, 5.989541798776444], [1.0361641242687267, 5.989587165400474], [1.0362091147448673, 5.989632532023172], [1.03616380115933, 5.9896775751619], [1.0361184875663756, 5.989722618294381], [1.0361181644421125, 5.989813028052875], [1.0361178413128835, 5.989903437811055], [1.0361628318013438, 5.989948804444292], [1.0362078222972233, 5.989994171076193], [1.036207499172898, 5.99008458083866], [1.0362524896811287, 5.990129947471529], [1.0363427938293637, 5.9901302709638955], [1.0363877843549136, 5.990175637590463], [1.0363874612503292, 5.990266047362137], [1.0364324517882313, 5.99031141398967], [1.0364774423335525, 5.990356780615872], [1.0365224328862914, 5.990402147240737], [1.0365674234464484, 5.9904475138642725], [1.0366124140140243, 5.99049288048647], [1.0366574045890171, 5.9905382471073345], [1.0367023951714291, 5.990583613726865], [1.03674738576126, 5.990628980345062], [1.0367923763585092, 5.990674346961923], [1.0368373669631763, 5.990719713577447], [1.0368370439029877, 5.990810123371815], [1.036882034520011, 5.990855489988306], [1.0369270251444518, 5.990900856603464], [1.0369720157763127, 5.990946223217286], [1.037017006415592, 5.990991589829775], [1.0370619970622896, 5.991036956440929], [1.0371069877164067, 5.9910823230507475], [1.037151978377943, 5.99112768965923], [1.0371969690468983, 5.991173056266377], [1.0371966460212438, 5.991263466078827], [1.037196322990627, 5.991353875890963], [1.0372413136768759, 5.991399242501376], [1.0372863043705458, 5.991444609110452], [1.037331295071635, 5.991489975718194], [1.037376285780144, 5.991535342324599], [1.0374212764960726, 5.991580708929667], [1.0374662672194206, 5.9916260755334], [1.0375112579501882, 5.991671442135798], [1.0375562486883751, 5.99171680873686], [1.0376012394339829, 5.991762175336584], [1.0376462301870102, 5.991807541934975], [1.0376912209474574, 5.991852908532026], [1.0377362117153246, 5.991898275127742], [1.037735888739007, 5.991988684967159], [1.0377808795192338, 5.992034051563837], [1.037871184063447, 5.992034374906871], [1.0379161748609957, 5.992079741497241], [1.0379611656659637, 5.992125108086273], [1.0380061564783525, 5.992170474673969], [1.038051147298161, 5.992215841260329], [1.0380961381253913, 5.99226120784535], [1.0381411289600417, 5.992306574429035], [1.0381861198021127, 5.992351941011383], [1.0381857968751937, 5.9924423508737865], [1.0382307877296257, 5.992487717457097], [1.0382757785914782, 5.992533084039067], [1.0383207694607528, 5.9925784506197], [1.0383657603374468, 5.9926238171989965], [1.0383654374253304, 5.992714227070282], [1.0383201236216772, 5.992759270357358], [1.0382748098106023, 5.992804313638187], [1.0383198006946994, 5.992849680225716], [1.0383647915862164, 5.992895046811907], [1.0383644686592195, 5.992985456682247], [1.0384094595631006, 5.993030823269399], [1.0384544504744022, 5.993076189855213], [1.0384541275523278, 5.993166599729836], [1.038499118475994, 5.9932119663166095], [1.0385441094070806, 5.993257332902044], [1.0385891003455898, 5.993302699486141], [1.038634091291521, 5.9933480660689], [1.038679082244874, 5.99339343265032], [1.038724073205649, 5.993438799230403], [1.0387690641738456, 5.993484165809146], [1.0388140551494653, 5.99352953238655], [1.0388590461325058, 5.993574898962614], [1.0389040371229694, 5.9936202655373405], [1.0389490281208549, 5.993665632110727], [1.038994019126163, 5.993710998682777], [1.0390390101388933, 5.993756365253485], [1.0390840011590472, 5.993801731822854], [1.0391289921866218, 5.993847098390886], [1.03917398322162, 5.993892464957576], [1.0392189742640412, 5.993937831522927], [1.0392639653138842, 5.993983198086938], [1.0393089563711502, 5.994028564649611], [1.0393539474358398, 5.994073931210944], [1.0393536246076633, 5.994164341131204], [1.0393083106999528, 5.9942093844852256], [1.0392629967848193, 5.994254427832996], [1.039262673931881, 5.994344837747718], [1.039307665008924, 5.994390204319581], [1.0393526560933892, 5.994435570890102], [1.039397647185278, 5.994480937459282], [1.0394426382845905, 5.994526304027125], [1.039487629391326, 5.994571670593623], [1.0395326205054858, 5.994617037158783], [1.0395776116270687, 5.994662403722602], [1.0396226027560753, 5.99470777028508], [1.0396675938925048, 5.994753136846219], [1.0397125850363587, 5.994798503406016], [1.0397575761876363, 5.994843869964472], [1.0398025673463374, 5.994889236521587], [1.0398475585124631, 5.994934603077365], [1.0399378636457484, 5.994934926235714], [1.0399828548291994, 5.9949802927851685], [1.0400278460200754, 5.995025659333282], [1.0400728372183747, 5.995071025880055], [1.0401178284240986, 5.995116392425485], [1.040162819637246, 5.995161758969574], [1.0402078108578183, 5.995207125512323], [1.0402528020858155, 5.995252492053728], [1.040252479341676, 5.995342902018978], [1.0402974705820442, 5.995388268561338], [1.0403424618298367, 5.995433635102357], [1.0403874530850532, 5.995479001642032], [1.0404324443476949, 5.995524368180368], [1.0404321216183885, 5.995614778154485], [1.0403868076115916, 5.995659821585362], [1.04034149359737, 5.99570486500999], [1.0403864848674274, 5.9957502315565545], [1.0404314761449114, 5.995795598101775], [1.0404764674298193, 5.995840964645654], [1.0405214587221534, 5.995886331188193], [1.0405211359878774, 5.995976741165957], [1.0405661272925835, 5.996022107709447], [1.0406111186047156, 5.9960674742515945], [1.0406561099242722, 5.996112840792399], [1.040701101251256, 5.9961582073318604], [1.040746092585663, 5.9962035738699795], [1.0407910839274974, 5.996248940406756], [1.0408360752767567, 5.99629430694219], [1.0408810666334416, 5.996339673476278], [1.0409260579975528, 5.996385040009025], [1.0409710493690891, 5.996430406540427], [1.041016040748052, 5.996475773070489], [1.0410610321344407, 5.996521139599204], [1.041106023528255, 5.996566506126578], [1.0411510149294956, 5.996611872652606], [1.041196006338162, 5.99665723917729], [1.0412409977542547, 5.996702605700633], [1.0412859891777735, 5.99674797222263], [1.0413309806087185, 5.996793338743282], [1.04137597204709, 5.996838705262593], [1.041420963492888, 5.996884071780557], [1.0414659549461125, 5.99692943829718], [1.0415109464067638, 5.996974804812456], [1.0415106237764145, 5.997065214840395], [1.0415103011411138, 5.997155624868022], [1.0415099785008597, 5.9972460348953325], [1.041554969983788, 5.997291401416146], [1.0415999614741451, 5.997336767935618], [1.0416449529719278, 5.997382134453744], [1.0416899444771381, 5.997427500970525], [1.0416896218517364, 5.997517911006699], [1.0417346133693246, 5.997563277524428], [1.0417796048943413, 5.997608644040811], [1.0418245964267845, 5.997654010555853], [1.041869587966655, 5.997699377069547], [1.0419145795139533, 5.997744743581897], [1.041959571068679, 5.997790110092901], [1.0420045626308323, 5.997835476602558], [1.0420495542004142, 5.997880843110871], [1.0420945457774227, 5.997926209617838], [1.0421395373618596, 5.997971576123461], [1.0421845289537235, 5.998016942627734], [1.042229520553016, 5.998062309130663], [1.0422745121597365, 5.998107675632248], [1.0423195037738846, 5.9981530421324845], [1.0423644953954607, 5.998198408631376], [1.0424094870244656, 5.99824377512892], [1.0424091644733469, 5.998334185201478], [1.0424541561147327, 5.998379551699971], [1.0425444619560482, 5.998379874613477], [1.0425894536147655, 5.998425241105634], [1.04258913108346, 5.998515651187366], [1.0425438168785817, 5.998560694772038], [1.0424985026662725, 5.998605738350458], [1.0424531884465371, 5.998650781922634], [1.0424078742193712, 5.998695825488559], [1.0424528658805714, 5.998741191996223], [1.0424978575491997, 5.998786558502543], [1.0424975349832377, 5.99887696857811], [1.0425425266642496, 5.998922335085374], [1.0425875183526896, 5.998967701591293], [1.0425871957916857, 5.999058111671132], [1.0426321874925104, 5.999103478177995], [1.0426771792007636, 5.9991488446835115], [1.0427221709164458, 5.999194211187681], [1.0427671626395578, 5.9992395776905], [1.0428121543700992, 5.999284944191975], [1.042902460379791, 5.999285267094991], [1.0429474521276667, 5.999330633590129], [1.042947129606301, 5.999421043688311], [1.0429921213665603, 5.999466410184394], [1.0430824274158683, 5.9994667330674565], [1.0431274191934623, 5.999512099557204], [1.0431270966919186, 5.999602509664557], [1.0431720884818971, 5.999647876155248], [1.0432623945708213, 5.999648199018357], [1.0433073863781344, 5.999693565502711], [1.0433523781928773, 5.999738931985718], [1.0433973700150505, 5.9997842984673735], [1.0434423618446538, 5.999829664947683], [1.0434873536816869, 5.999875031426642], [1.0435323455261505, 5.999920397904254], [1.0435773373780453, 5.999965764380516], [1.0435770149260628, 6.00005617451079], [1.043576692469134, 6.000146584640748], [1.0435763700072578, 6.00023699477039], [1.0436213618814538, 6.00028236125218], [1.0436663537630795, 6.000327727732619], [1.0437113456521363, 6.000373094211709], [1.043756337548624, 6.00041846068945], [1.043801329452543, 6.000463827165841], [1.043846321363892, 6.000509193640884], [1.0438913132826733, 6.000554560114577], [1.0439363052088853, 6.000599926586919], [1.0439359827817223, 6.000690336734579], [1.0439809747203228, 6.000735703207863], [1.0440712810321084, 6.000736025995848], [1.0441162729880442, 6.000781392462792], [1.044161264951413, 6.000826758928385], [1.0442062569222126, 6.000872125392626], [1.044251248900444, 6.00091749185552], [1.0442962408861072, 6.000962858317061], [1.0443412328792014, 6.001008224777253], [1.0443862248797278, 6.0010535912360945], [1.0443859025021514, 6.001144001406664], [1.0444308945150687, 6.001189367866446], [1.0444758865354173, 6.0012347343248775], [1.044520878563199, 6.001280100781956], [1.044565870598412, 6.0013254672376855], [1.0446108626410573, 6.001370833692063], [1.044655854691135, 6.00141620014509], [1.0446555323383706, 6.001506610329089], [1.0446102179206636, 6.001551654055166], [1.0445649034955253, 6.001596697774994], [1.0445645811180064, 6.001687107953468], [1.0446095731804912, 6.0017324744170075], [1.044654565250409, 6.001777840879196], [1.044654242877867, 6.001868251061934], [1.044699234960177, 6.001913617525061], [1.0447442270499212, 6.001958983986837], [1.0447892191470975, 6.002004350447262], [1.044834211251707, 6.002049716906334], [1.0448792033637495, 6.002095083364054], [1.0449241954832258, 6.002140449820422], [1.044969187610135, 6.002185816275439], [1.045014179744477, 6.002231182729104]]}}]}